"Country.ID","Country.Name","Share.of.All.Commodities.Export","Share.of.Agriculture.Export","Share.of.Energy.Export","Share.of.Mining.Export","Mining.Export.Score","Super.Region.Country","PRGT.Eligible","Average.time.to.clear.exports.through.customs..days.","Container.port.traffic..TEU..20.foot.equivalent.units.","GDP.growth..annual...","GDP.per.capita..current.US..","Liner.shipping.connectivity.index..maximum.value.in.2004...100.","Rail.lines..total.route.km.","product_code_1","product_code_2","product_code_3","product_code_4","product_code_5","product_code_6","product_label_1","product_label_2","product_label_3","product_label_4","product_label_5","product_label_6","exports_2024_1","exports_2024_2","exports_2024_3","exports_2024_4","exports_2024_5","exports_2024_6","pct_of_total_1","pct_of_total_2","pct_of_total_3","pct_of_total_4","pct_of_total_5","pct_of_total_6"
1,"Afghanistan",96.7,65,5.4,26.3,5,1,1,NA,NA,2.266943736,413.7578947,NA,NA,"'7615","'7801","'7601","'7204","'7901","'7323","Other Aluminium","Unwrought lead :","Unwrought aluminium","Ferrous waste and scrap; remelting scrap ingots of iron or steel (excl. slag, scale and other ...","Unwrought zinc :","Table, kitchen or other household articles, and parts thereof, of iron or steel; iron or steel ...",4876,3593,1052,266,247,180,0.151231641530144,0.111438738313742,0.0326283197066677,0.00825012646575438,0.00766083171820049,0.00558279234524732
2,"Albania",30,12.8,9.7,7.6,4,0,0,NA,NA,3.961719112,10011.62799,NA,NA,NA,NA,NA,NA,NA,NA,NA,NA,NA,NA,NA,NA,NA,NA,NA,NA,NA,NA,NA,NA,NA,NA,NA,NA
3,"Algeria",93.9,1,92.8,0.2,1,1,0,NA,1541273,3.299999999,5631.179991,12.84251801,NA,"'7207","'7214","'7213","'7203","'7305","'7408","Other Iron","Other Iron","Other Iron","Ferrous products obtained by direct reduction of iron ore and other spongy ferrous products, ...","Tubes and pipes, having circular cross-sections and an external diameter of > 406,4 mm, of ...","Other Copper",302351,262981,78467,40149,31275,31236,0.319435135320823,0.277840560546535,0.0829007238713251,0.0424175916335508,0.0330421723664176,0.0330009686982389
4,"Andorra",8.8,1.8,0,6.9,3,0,0,NA,NA,3.371820326,49303.67339,NA,NA,NA,NA,NA,NA,NA,NA,NA,NA,NA,NA,NA,NA,NA,NA,NA,NA,NA,NA,NA,NA,NA,NA,NA,NA
5,"Angola",98.3,0.4,94.1,3.7,3,1,0,NA,563895,4.423904529,2122.08369,23.60397302,NA,"'7214","'7206","'7326","'7308","'7203","'7202","Other Iron","Iron and non-alloy steel in ingots or other primary forms (excl. remelting scrap ingots, products ...","Articles of iron or steel, n.e.s. (excl. cast articles)","Structures and parts of structures ""e.g., bridges and bridge-sections, lock-gates, towers, ...","Ferrous products obtained by direct reduction of iron ore and other spongy ferrous products, ...","Ferro-alloys",29787,19743,18277,9024,8936,4065,0.0379449749583165,0.0251501541142795,0.0232826503949089,0.0114954662780357,0.0113833650997924,0.00517831010862311
6,"Antigua and Barbuda",50,4.8,41.2,4,3,0,0,NA,NA,4.32752145,23725.79037,NA,NA,NA,NA,NA,NA,NA,NA,NA,NA,NA,NA,NA,NA,NA,NA,NA,NA,NA,NA,NA,NA,NA,NA,NA,NA
7,"Argentina",82.1,75.5,3.9,2.7,2,1,0,NA,1705390,-1.719105147,13858.20398,33.06590507,NA,"'7616","'7326","'7318","'7214","'7610","'7320","Other Aluminium","Articles of iron or steel, n.e.s. (excl. cast articles)","Screws, bolts, nuts, coach screws, screw hooks, rivets, cotters, cotter pins, washers, incl. spring washers, and similar articles, of iron or steel (excl. lag screws, stoppers, plugs and the like, threaded)","Other Iron","Other Aluminium","Springs and leaves for springs, of iron or steel (excl. clock and watch springs, springs for sticks and handles of umbrellas or parasols, shock absorbers and torque rod or torsion bar springs of Section 17)",53994,13606,9728,5036,3768,3126,0.0338645297011538,0.00853355541567393,0.00610131023693047,0.00315853190308202,0.00236325421183738,0.00196059784134916
8,"Armenia",76.2,25.8,1.6,48.7,6,1,0,12.02353573,NA,5.9,8500.605225,NA,698.4,"'7202","'7607","'7207","'7403","'7601","'7606","Ferro-alloys","Other Aluminium","Other Iron","Copper, refined, and copper alloys, unwrought (excl. copper alloys of heading 7405)","Unwrought aluminium","Other Aluminium",184688,68589,25568,19465,13479,10620,0.708805070814688,0.26323437907232,0.098126180642976,0.0747037744921592,0.051730396937057,0.0407579802263925
9,"Australia",89,14.6,23.7,50.8,6,0,0,NA,NA,1.43111252,64407.48426,NA,NA,NA,NA,NA,NA,NA,NA,NA,NA,NA,NA,NA,NA,NA,NA,NA,NA,NA,NA,NA,NA,NA,NA,NA,NA
10,"Austria",16.6,10.2,2.2,4.2,3,0,0,NA,NA,-1.173540536,56833.19605,NA,NA,NA,NA,NA,NA,NA,NA,NA,NA,NA,NA,NA,NA,NA,NA,NA,NA,NA,NA,NA,NA,NA,NA,NA,NA
11,"Azerbaijan",95.8,5.5,88,2.3,2,1,0,NA,NA,4.071402105,7283.83563,NA,2239.18,"'7606","'7601","'7214","'7304","'7801","'7202","Other Aluminium","Unwrought aluminium","Other Iron","Tubes, pipes and hollow profiles, seamless, of iron or steel (excl. products of cast iron)","Unwrought lead :","Ferro-alloys",110051,70749,35780,24832,15147,13424,0.207220712890017,0.133216946836065,0.0673720103152611,0.0467574555659185,0.0285210687603482,0.0252767430539985
12,"Bahamas",43,9.1,28.8,5.1,3,0,0,NA,NA,3.378506607,39455.44665,NA,NA,NA,NA,NA,NA,NA,NA,NA,NA,NA,NA,NA,NA,NA,NA,NA,NA,NA,NA,NA,NA,NA,NA,NA,NA
13,"Bahrain",72.4,4.7,34.2,33.4,5,1,0,NA,464010,3.017248391,30048.21777,25.12496499,NA,"'7601","'7605","'7606","'7308","'7207","'7614","Unwrought aluminium","Other Aluminium","Other Aluminium","Structures and parts of structures ""e.g., bridges and bridge-sections, lock-gates, towers, ...","Other Iron","Other Aluminium",3151196,410482,374620,265832,245112,200765,11.3404083099186,1.4772275300781,1.34816868295774,0.956666428188623,0.882100053967053,0.72250570080084
14,"Bangladesh",4.9,4.4,0.2,0.4,1,1,1,NA,2897709,4.223259113,2593.416074,13.80449154,NA,"'7404","'7204","'7602","'7601","'7205","'7326","Waste and scrap, of copper (excluding ingots or other similar unwrought shapes, of remelted ...","Ferrous waste and scrap; remelting scrap ingots of iron or steel (excl. slag, scale and other ...","Waste and scrap, of aluminium (excluding slags, scale and the like from iron and steel production, ...","Unwrought aluminium","Granules and powders of pig iron, spiegeleisen, iron or steel (excl. granules and powders of ...","Articles of iron or steel, n.e.s. (excl. cast articles)",52426,36220,19275,11731,8018,5633,0.044278703501048,0.0305912074315789,0.0162795561359383,0.00990793634400477,0.0067719575148095,0.00475759998514865
15,"Barbados",37.6,30.6,4.2,2.8,2,0,0,NA,NA,3.800000319,25365.79494,NA,NA,NA,NA,NA,NA,NA,NA,NA,NA,NA,NA,NA,NA,NA,NA,NA,NA,NA,NA,NA,NA,NA,NA,NA,NA
16,"Belarus",40.1,24.8,13.9,1.5,1,0,0,NA,NA,4.009848525,8316.647763,NA,NA,NA,NA,NA,NA,NA,NA,NA,NA,NA,NA,NA,NA,NA,NA,NA,NA,NA,NA,NA,NA,NA,NA,NA,NA
17,"Belgium",28,12.3,7.5,8.3,4,0,0,NA,NA,1.018898625,55954.61063,NA,NA,NA,NA,NA,NA,NA,NA,NA,NA,NA,NA,NA,NA,NA,NA,NA,NA,NA,NA,NA,NA,NA,NA,NA,NA
18,"Belize",87.6,74.7,6.3,6.6,3,0,0,NA,NA,8.151789827,8429.679597,NA,NA,NA,NA,NA,NA,NA,NA,NA,NA,NA,NA,NA,NA,NA,NA,NA,NA,NA,NA,NA,NA,NA,NA,NA,NA
19,"Benin",92.1,61.4,7.5,23.1,5,1,1,NA,NA,7.453115662,1485.38019,18.40028664,NA,"'7214","'7213","'7308","'7302","'7216","'7210","Other Iron","Other Iron","Structures and parts of structures ""e.g., bridges and bridge-sections, lock-gates, towers, ...","Railway or tramway track construction material of iron or steel, the following : rails, check-rails ...","Other Iron","Other Iron",24391,10581,2541,1855,1275,1154,1.09589668890121,0.475408259819757,0.114168073736131,0.083345838953374,0.057286223539381,0.0518496485995652
20,"Bhutan",43.7,9,15.7,19,5,0,1,NA,NA,4.882593963,3839.409304,NA,NA,NA,NA,NA,NA,NA,NA,NA,NA,NA,NA,NA,NA,NA,NA,NA,NA,NA,NA,NA,NA,NA,NA,NA,NA
21,"Bolivia",94.6,18.9,27.1,48.6,6,1,0,NA,NA,1.38468279,4001.21134,NA,NA,"'8001","'7204","'7403","'7602","'8110","'7404","Unwrought tin","Ferrous waste and scrap; remelting scrap ingots of iron or steel (excl. slag, scale and other waste from the production of iron or steel; radioactive waste and scrap; fragments of pigs, blocks or other primary forms of pig iron or spiegeleisen)","Copper, refined, and copper alloys, unwrought (excl. copper alloys of heading 7405)","Waste and scrap, of aluminium (excluding slags, scale and the like from iron and steel production, containing recoverable aluminium in the form of silicates, ingots or other similar unwrought shapes, of remelted waste and scrap, of aluminium, ashes and residues from aluminium production)","Antimony and articles thereof","Waste and scrap, of copper (excluding ingots or other similar unwrought shapes, of remelted copper waste and scrap, ashes and residues containing copper, and waste and scrap of primary cells, primary batteries and electric accumulators)",528987,28015,16918,14618,7931,5158,2.91962322578167,0.154622409757278,0.0933750465205653,0.080680720536566,0.0437733475561298,0.0284684058371602
22,"Bosnia and Herzegovina",26.6,11.4,8.2,7.1,4,0,0,NA,NA,2.480047084,8957.372942,NA,NA,NA,NA,NA,NA,NA,NA,NA,NA,NA,NA,NA,NA,NA,NA,NA,NA,NA,NA,NA,NA,NA,NA,NA,NA
23,"Botswana",94,2,0.4,91.6,6,1,0,NA,NA,-2.989868795,7695.242064,NA,886,"'7204","'7404","'7307","'7214","'7216","'7602","Ferrous waste and scrap; remelting scrap ingots of iron or steel (excl. slag, scale and other ...","Waste and scrap, of copper (excluding ingots or other similar unwrought shapes, of remelted ...","Tube or pipe fittings ""e.g. couplings, elbows, sleeves"", of iron or steel","Other Iron","Other Iron","Waste and scrap, of aluminium (excluding slags, scale and the like from iron and steel production, ...",8295,7181,6943,6389,3009,2758,0.105825330412325,0.0916132245558653,0.0885768859617564,0.0815091062090828,0.0383879950826624,0.0351858060611442
24,"Brazil",73.4,41.3,13.2,19,5,1,0,NA,10450632,3.395866455,10280.31486,36.81357973,NA,"'7207","'7202","'7201","'7304","'7224","'7601","Other Iron","Ferro-alloys","Pig iron and spiegeleisen, in pigs, blocks or other primary forms","Tubes, pipes and hollow profiles, seamless, of iron or steel (excl. products of cast iron)","Other Iron","Unwrought aluminium",3864537,3648851,1652866,894139,784155,732891,0.573294921146364,0.541298413320879,0.245198760714545,0.132643405276981,0.116327539079462,0.108722645960921
25,"Brunei",86.1,0.2,85.5,0.4,1,0,0,NA,NA,4.200372735,33417.83577,NA,NA,NA,NA,NA,NA,NA,NA,NA,NA,NA,NA,NA,NA,NA,NA,NA,NA,NA,NA,NA,NA,NA,NA,NA,NA
26,"Bulgaria",39.6,17.9,6.8,14.9,5,0,0,NA,NA,2.810827752,17412.41151,NA,NA,NA,NA,NA,NA,NA,NA,NA,NA,NA,NA,NA,NA,NA,NA,NA,NA,NA,NA,NA,NA,NA,NA,NA,NA
27,"Burkina Faso",97.2,12.5,0.6,84.1,6,1,1,NA,NA,4.985103006,987.3213781,NA,518,"'7213","'7214","'7801","'7602","'7210","'7216","Other Iron","Other Iron","Unwrought lead :","Waste and scrap, of aluminium (excluding slags, scale and the like from iron and steel production, ...","Other Iron","Other Iron",6043,4347,3068,3004,2269,1916,0.0535370748451496,0.03851161084757,0.0271804973729801,0.026613498731562,0.020101873709026,0.0169745218274543
28,"Burundi",95.1,36.1,1.3,57.7,6,1,1,NA,NA,3.489231748,153.9302179,NA,NA,"'7214","'7210","'7610","'7616","'7801","'7204","Other Iron","Other Iron","Other Aluminium","Other Aluminium","Unwrought lead :","Ferrous waste and scrap; remelting scrap ingots of iron or steel (excl. slag, scale and other ...",4069,2233,1818,194,79,71,1.10312257700712,0.605375452066084,0.492867251167103,0.0525941951190418,0.0214172237855892,0.0192483909971751
29,"Cabo Verde",78,73.7,0.8,3.5,2,1,1,NA,76139,7.271881472,5272.85253,4.231495443,NA,"'7209","'7211","'7222","'7302","'7304","'7317","Other Iron","Other Iron","Other Iron","Railway or tramway track construction material of iron or steel, the following : rails, check-rails ...","Tubes, pipes and hollow profiles, seamless, of iron or steel (excl. products of cast iron)","Nails, tacks, drawing pins, corrugated nails, staples and similar articles of iron or steel, ...",0,0,0,0,0,0,0,0,0,0,0,0
30,"Cambodia",22.1,10.6,0,11.5,4,0,1,NA,NA,6.015814574,2627.879697,NA,NA,NA,NA,NA,NA,NA,NA,NA,NA,NA,NA,NA,NA,NA,NA,NA,NA,NA,NA,NA,NA,NA,NA,NA,NA
31,"Cameroon",92.4,39.7,46.1,6.7,3,1,1,NA,366667,3.670742847,1762.368351,18.94577224,884,"'7601","'7404","'7801","'7402","'7403","'7602","Unwrought aluminium","Waste and scrap, of copper (excluding ingots or other similar unwrought shapes, of remelted copper waste and scrap, ashes and residues containing copper, and waste and scrap of primary cells, primary batteries and electric accumulators)","Unwrought lead :","Copper, unrefined; copper anodes for electrolytic refining","Copper, refined, and copper alloys, unwrought (excl. copper alloys of heading 7405)","Waste and scrap, of aluminium (excluding slags, scale and the like from iron and steel production, containing recoverable aluminium in the form of silicates, ingots or other similar unwrought shapes, of remelted waste and scrap, of aluminium, ashes and residues from aluminium production)",82015,17919,9480,9243,5709,1642,0.57341586308159,0.125282434317613,0.0662803436202338,0.0646233350297279,0.0399150297181345,0.0114802029772599
32,"Canada",52.1,17.5,22.6,12.1,4,0,0,NA,NA,1.528081109,54282.61761,NA,NA,NA,NA,NA,NA,NA,NA,NA,NA,NA,NA,NA,NA,NA,NA,NA,NA,NA,NA,NA,NA,NA,NA,NA,NA
33,"Central African Republic",76.9,59.5,0.1,17.3,5,1,1,NA,NA,1.539632475,516.1704245,NA,NA,NA,NA,NA,NA,NA,NA,NA,NA,NA,NA,NA,NA,NA,NA,NA,NA,NA,NA,NA,NA,NA,NA,NA,NA
34,"Chad",98.3,8,90.2,0.1,1,1,1,NA,NA,3.654451105,1016.088807,NA,NA,"'7404","'7326","'7308","'7318","'7317","'7219","Waste and scrap, of copper (excluding ingots or other similar unwrought shapes, of remelted copper waste and scrap, ashes and residues containing copper, and waste and scrap of primary cells, primary batteries and electric accumulators)","Articles of iron or steel, n.e.s. (excl. cast articles)","Structures and parts of structures ""e.g., bridges and bridge-sections, lock-gates, towers, lattice masts, roofs, roofing frameworks, doors and windows and their frames and thresholds for doors, shutters, balustrades, pillars and columns"", of iron or steel; plates, rods, angles, shapes, sections, tubes and the like, prepared for use in structures, of iron or steel (excl. prefabricated buildings of heading 9406)","Screws, bolts, nuts, coach screws, screw hooks, rivets, cotters, cotter pins, washers, incl. spring washers, and similar articles, of iron or steel (excl. lag screws, stoppers, plugs and the like, threaded)","Nails, tacks, drawing pins, corrugated nails, staples and similar articles of iron or steel, whether or not with heads of other material (excluding such articles with heads of copper and staples in strips)","Other Iron",393,10,8,8,7,7,0.00563033942064237,0.000143265634113037,0.00011461250729043,0.00011461250729043,0.000100285943879126,0.000100285943879126
35,"Chile",88.3,28.8,0.7,58.7,6,1,0,NA,4217172,2.644311549,16709.8894,36.21516166,2396,"'7403","'7402","'7408","'7202","'7404","'7204","Copper, refined, and copper alloys, unwrought (excl. copper alloys of heading 7405)","Copper, unrefined; copper anodes for electrolytic refining","Other Copper","Ferro-alloys","Waste and scrap, of copper (excluding ingots or other similar unwrought shapes, of remelted copper waste and scrap, ashes and residues containing copper, and waste and scrap of primary cells, primary batteries and electric accumulators)","Ferrous waste and scrap; remelting scrap ingots of iron or steel (excl. slag, scale and other waste from the production of iron or steel; radioactive waste and scrap; fragments of pigs, blocks or other primary forms of pig iron or spiegeleisen)",17281678,2115935,378347,267610,261528,171716,8.36382886261283,1.02405091822754,0.183108929508059,0.129515446470176,0.12657193559453,0.0831055431638308
36,"China",5.8,3,1.4,1.4,1,0,0,NA,NA,4.977356592,13303.14815,NA,NA,NA,NA,NA,NA,NA,NA,NA,NA,NA,NA,NA,NA,NA,NA,NA,NA,NA,NA,NA,NA,NA,NA,NA,NA
37,"Colombia",78.6,22,48,8.6,4,0,0,NA,NA,1.74380145,7913.988015,NA,NA,NA,NA,NA,NA,NA,NA,NA,NA,NA,NA,NA,NA,NA,NA,NA,NA,NA,NA,NA,NA,NA,NA,NA,NA
38,"Comoros",52.9,51.7,0,1.1,1,1,1,NA,NA,3.388783506,1784.115469,6.129598168,NA,"'7204","'7404","'7602","'7326","'7308","'7320","Ferrous waste and scrap; remelting scrap ingots of iron or steel (excl. slag, scale and other waste from the production of iron or steel; radioactive waste and scrap; fragments of pigs, blocks or other primary forms of pig iron or spiegeleisen)","Waste and scrap, of copper (excluding ingots or other similar unwrought shapes, of remelted copper waste and scrap, ashes and residues containing copper, and waste and scrap of primary cells, primary batteries and electric accumulators)","Waste and scrap, of aluminium (excluding slags, scale and the like from iron and steel production, containing recoverable aluminium in the form of silicates, ingots or other similar unwrought shapes, of remelted waste and scrap, of aluminium, ashes and residues from aluminium production)","Articles of iron or steel, n.e.s. (excl. cast articles)","Structures and parts of structures ""e.g., bridges and bridge-sections, lock-gates, towers, lattice masts, roofs, roofing frameworks, doors and windows and their frames and thresholds for doors, shutters, balustrades, pillars and columns"", of iron or steel; plates, rods, angles, shapes, sections, tubes and the like, prepared for use in structures, of iron or steel (excl. prefabricated buildings of heading 9406)","Springs and leaves for springs, of iron or steel (excl. clock and watch springs, springs for sticks and handles of umbrellas or parasols, shock absorbers and torque rod or torsion bar springs of Section 17)",1644,681,297,36,5,1,1.67214215242532,0.692657424453553,0.302084074981946,0.0366162515129632,0.00508559048791155,0.00101711809758231
39,"Congo (Republic of the)",94,4.5,76.8,12.7,4,1,1,NA,930000,2.579666395,2482.248947,24.83030274,NA,"'7403","'8105","'7204","'7404","'7602","'7901","Copper, refined, and copper alloys, unwrought (excl. copper alloys of heading 7405)","Cobalt mattes and other intermediate products","Ferrous waste and scrap; remelting scrap ingots of iron or steel (excl. slag, scale and other waste from the production of iron or steel; radioactive waste and scrap; fragments of pigs, blocks or other primary forms of pig iron or spiegeleisen)","Waste and scrap, of copper (excluding ingots or other similar unwrought shapes, of remelted copper waste and scrap, ashes and residues containing copper, and waste and scrap of primary cells, primary batteries and electric accumulators)","Waste and scrap, of aluminium (excluding slags, scale and the like from iron and steel production, containing recoverable aluminium in the form of silicates, ingots or other similar unwrought shapes, of remelted waste and scrap, of aluminium, ashes and residues from aluminium production)","Unwrought zinc :",1425520,29586,21890,13939,8895,7708,8.80489346321033,0.182741440318298,0.135206182943539,0.0860958878049335,0.0549410231741792,0.0476093767989402
40,"Costa Rica",42.4,40.7,0,1.6,1,0,0,NA,NA,4.321224296,18587.15322,NA,NA,NA,NA,NA,NA,NA,NA,NA,NA,NA,NA,NA,NA,NA,NA,NA,NA,NA,NA,NA,NA,NA,NA,NA,NA
41,"Côte d’Ivoire",91.6,66.8,15.3,9.4,4,1,1,NA,NA,5.95,2709.895116,NA,NA,"'7326","'7214","'7311","'7310","'7404","'7308","Articles of iron or steel, n.e.s. (excl. cast articles)","Other Iron","Containers of iron or steel, for compressed or liquefied gas (excluding containers specifically ...","Tanks, casks, drums, cans, boxes and similar containers, of iron or steel, for any material ...","Waste and scrap, of copper (excluding ingots or other similar unwrought shapes, of remelted ...","Structures and parts of structures ""e.g., bridges and bridge-sections, lock-gates, towers, ...",14312,7240,6626,4147,2759,2686,0.0348243171354595,0.0176165494732202,0.0161225492830879,0.0100905843460558,0.00671326795533348,0.00653564252556206
42,"Croatia",35.6,18.9,11.8,4.9,3,0,0,NA,NA,3.814945217,23931.45284,NA,NA,NA,NA,NA,NA,NA,NA,NA,NA,NA,NA,NA,NA,NA,NA,NA,NA,NA,NA,NA,NA,NA,NA,NA,NA
43,"Cuba",68.2,45.3,3.8,19.1,5,0,0,NA,NA,-1.929371232,NA,NA,NA,NA,NA,NA,NA,NA,NA,NA,NA,NA,NA,NA,NA,NA,NA,NA,NA,NA,NA,NA,NA,NA,NA,NA,NA
44,"Cyprus",37.4,17.1,17.2,3.1,2,0,0,NA,NA,3.448061704,38654.16797,NA,NA,NA,NA,NA,NA,NA,NA,NA,NA,NA,NA,NA,NA,NA,NA,NA,NA,NA,NA,NA,NA,NA,NA,NA,NA
45,"Czech Republic (Czechia)",9.3,5.9,1.7,1.6,2,0,0,NA,NA,1.120384627,31706.62342,NA,NA,NA,NA,NA,NA,NA,NA,NA,NA,NA,NA,NA,NA,NA,NA,NA,NA,NA,NA,NA,NA,NA,NA,NA,NA
46,"Democratic Republic of the Congo",82.2,1.6,3.6,77,6,1,1,NA,NA,6.67593029,647.4357048,5.125131987,3641,"'7403","'8105","'7402","'7404","'7401","'7405","Copper, refined, and copper alloys, unwrought (excl. copper alloys of heading 7405)","Cobalt mattes and other intermediate products","Copper, unrefined; copper anodes for electrolytic refining","Waste and scrap, of copper (excluding ingots or other similar unwrought shapes, of remelted copper waste and scrap, ashes and residues containing copper, and waste and scrap of primary cells, primary batteries and electric accumulators)","Copper mattes; cement copper ""precipitated copper""","Master alloys of copper (excluding phosphorus-copper compounds ""copper phosphide"" containing by weight > 15% phosphorus)",19292536,2985048,1142093,15752,12476,12414,33.1514140175069,5.12937034872611,1.96252052552845,0.0270675184228641,0.0214381894263365,0.0213316514538747
47,"Denmark",28.6,22.9,4,1.7,2,0,0,NA,NA,3.67619735,71851.75621,NA,NA,NA,NA,NA,NA,NA,NA,NA,NA,NA,NA,NA,NA,NA,NA,NA,NA,NA,NA,NA,NA,NA,NA,NA,NA
48,"Djibouti",49.1,30.1,12.2,6.9,3,1,1,NA,860000,5.953829989,3496.471119,32.49643947,NA,"'7404","'7403","'7801","'7410","'7602","'7308","Waste and scrap, of copper (excluding ingots or other similar unwrought shapes, of remelted ...","Copper, refined, and copper alloys, unwrought (excl. copper alloys of heading 7405)","Unwrought lead :","Other Copper","Waste and scrap, of aluminium (excluding slags, scale and the like from iron and steel production, ...","Structures and parts of structures ""e.g., bridges and bridge-sections, lock-gates, towers, ...",3635,3304,1131,955,412,174,0.791659588554802,0.71957174156398,0.246318292890091,0.207987594792252,0.0897286796381234,0.0378951219830909
49,"Dominica",25,18.1,0,6.9,4,0,1,NA,NA,2.052738473,10405.27878,NA,NA,NA,NA,NA,NA,NA,NA,NA,NA,NA,NA,NA,NA,NA,NA,NA,NA,NA,NA,NA,NA,NA,NA,NA,NA
50,"Dominican Republic",42.8,23.9,0.6,18.3,5,0,0,NA,NA,4.951696872,10875.66184,NA,NA,NA,NA,NA,NA,NA,NA,NA,NA,NA,NA,NA,NA,NA,NA,NA,NA,NA,NA,NA,NA,NA,NA,NA,NA
51,"Ecuador",94.1,55.5,32.7,5.9,3,0,0,NA,NA,-2.001254763,6874.70574,NA,NA,NA,NA,NA,NA,NA,NA,NA,NA,NA,NA,NA,NA,NA,NA,NA,NA,NA,NA,NA,NA,NA,NA,NA,NA
52,"Egypt",54,17.9,26.2,9.9,4,1,0,6.700059414,7564385,2.399169268,3338.473714,68.5087319,NA,"'7408","'7208","'7214","'7601","'7213","'7308","Other Copper","Other Iron","Other Iron","Unwrought aluminium","Other Iron","Structures and parts of structures ""e.g., bridges and bridge-sections, lock-gates, towers, ...",988995,857980,635690,393254,323241,247169,1.10263529495448,0.956566039631187,0.708733846631797,0.438440781077791,0.360382949738251,0.275569910079024
53,"El Salvador",24.2,20.6,2.6,1,1,0,0,NA,NA,2.602020161,5579.659692,NA,NA,NA,NA,NA,NA,NA,NA,NA,NA,NA,NA,NA,NA,NA,NA,NA,NA,NA,NA,NA,NA,NA,NA,NA,NA
54,"Equatorial Guinea",93.2,2.9,89.9,0.4,1,1,0,NA,6207,0.907248246,6745.400132,11.66140113,NA,"'7204","'7602","'7404","'7801","'7304","'7902","Ferrous waste and scrap; remelting scrap ingots of iron or steel (excl. slag, scale and other ...","Waste and scrap, of aluminium (excluding slags, scale and the like from iron and steel production, ...","Waste and scrap, of copper (excluding ingots or other similar unwrought shapes, of remelted ...","Unwrought lead :","Tubes, pipes and hollow profiles, seamless, of iron or steel (excl. products of cast iron)","Zinc waste and scrap (excluding ash and residues from zinc production ""heading 2620"", ingots ...",13559,3250,2111,334,118,77,0.153594970775722,0.036815668929943,0.0239131929572645,0.00378351797618491,0.00133669197961024,0.000872248156186341
55,"Eritrea",91.2,50.4,0,40.8,6,1,1,NA,NA,NA,NA,4.356940501,NA,"'7308","'7419","'7318","'7508","'7616","'7326","Structures and parts of structures ""e.g., bridges and bridge-sections, lock-gates, towers, ...","Other Copper","Screws, bolts, nuts, coach screws, screw hooks, rivets, cotters, cotter pins, washers, incl. ...","Other Nickel","Other Aluminium","Articles of iron or steel, n.e.s. (excl. cast articles)",88,42,12,7,4,2,0.00776561263182789,0.00370631511973604,0.00105894717706744,0.000617719186622673,0.000352982392355813,0.000176491196177907
56,"Estonia",33.5,16.5,13.9,3,2,0,0,NA,NA,-0.26100621,31170.09151,NA,NA,NA,NA,NA,NA,NA,NA,NA,NA,NA,NA,NA,NA,NA,NA,NA,NA,NA,NA,NA,NA,NA,NA,NA,NA
57,"Eswatini",35.1,31.7,1.3,2,2,1,0,NA,NA,2.640704616,3936.109692,NA,NA,"'7204","'7404","'7601","'7602","'7307","'7318","Ferrous waste and scrap; remelting scrap ingots of iron or steel (excl. slag, scale and other ...","Waste and scrap, of copper (excluding ingots or other similar unwrought shapes, of remelted ...","Unwrought aluminium","Waste and scrap, of aluminium (excluding slags, scale and the like from iron and steel production, ...","Tube or pipe fittings ""e.g. couplings, elbows, sleeves"", of iron or steel","Screws, bolts, nuts, coach screws, screw hooks, rivets, cotters, cotter pins, washers, incl. ...",3897,2155,1395,969,297,287,0.0904873569634514,0.0500385563911311,0.0323915481046997,0.0224999355652,0.00689626508035542,0.00666406760290238
58,"Ethiopia",80.8,77.2,0,3.6,3,1,1,NA,NA,7.316691128,NA,NA,NA,"'7801","'7404","'7403","'7412","'7601","'7608","Unwrought lead :","Waste and scrap, of copper (excluding ingots or other similar unwrought shapes, of remelted ...","Copper, refined, and copper alloys, unwrought (excl. copper alloys of heading 7405)","Other Copper","Unwrought aluminium","Other Aluminium",1869,1424,815,339,281,179,0.0278518905308937,0.021220488023538,0.01214515290673,0.00505178752807542,0.00418746989790322,0.00266746303104867
59,"Fiji",77.4,58.3,10.9,8.2,4,0,0,NA,NA,3.828998887,6288.398673,NA,NA,NA,NA,NA,NA,NA,NA,NA,NA,NA,NA,NA,NA,NA,NA,NA,NA,NA,NA,NA,NA,NA,NA,NA,NA
60,"Finland",26.9,11,8.4,7.5,4,0,0,NA,NA,-0.154214821,53188.61862,NA,NA,NA,NA,NA,NA,NA,NA,NA,NA,NA,NA,NA,NA,NA,NA,NA,NA,NA,NA,NA,NA,NA,NA,NA,NA
61,"France",20,14.5,2.8,2.7,2,0,0,NA,NA,1.166138515,46150.48769,NA,NA,NA,NA,NA,NA,NA,NA,NA,NA,NA,NA,NA,NA,NA,NA,NA,NA,NA,NA,NA,NA,NA,NA,NA,NA
62,"Gabon",90.3,19.8,57.3,13.2,5,1,0,NA,180000,3.383907608,8218.763071,12.45776091,648,"'7202","'7403","'7601","'7402","'7801","'7204","Ferro-alloys","Copper, refined, and copper alloys, unwrought (excl. copper alloys of heading 7405)","Unwrought aluminium","Copper, unrefined; copper anodes for electrolytic refining","Unwrought lead :","Ferrous waste and scrap; remelting scrap ingots of iron or steel (excl. slag, scale and other ...",22432,14394,4598,2220,1733,1414,0.142642929557145,0.0915300609863385,0.0292382395730988,0.0141167663880555,0.0110199802479731,0.0089914899426624
63,"Gambia",89.8,75,7.6,7.2,4,1,1,NA,NA,5.746717655,908.5256742,6.168405971,NA,"'7204","'7602","'7214","'7311","'7404","'7802","Ferrous waste and scrap; remelting scrap ingots of iron or steel (excl. slag, scale and other ...","Waste and scrap, of aluminium (excluding slags, scale and the like from iron and steel production, ...","Other Iron","Containers of iron or steel, for compressed or liquefied gas (excluding containers specifically ...","Waste and scrap, of copper (excluding ingots or other similar unwrought shapes, of remelted ...","Lead waste and scrap (excluding ashes and residues from lead production ""heading No 2620"", ...",507,182,26,21,17,12,0.510702593805087,0.183329136237724,0.0261898766053891,0.0211533618735835,0.017124150088139,0.0120876353563334
64,"Georgia",52.7,26.6,0.7,25.4,5,1,0,NA,490670,9.428572202,9193.663664,6.172208191,1411,"'7202","'7304","'7404","'7602","'7601","'7801","Ferro-alloys","Tubes, pipes and hollow profiles, seamless, of iron or steel (excl. products of cast iron)","Waste and scrap, of copper (excluding ingots or other similar unwrought shapes, of remelted ...","Waste and scrap, of aluminium (excluding slags, scale and the like from iron and steel production, ...","Unwrought aluminium","Unwrought lead :",321960,29391,27348,15534,9238,9228,5.03974536418876,0.460066952412945,0.428087204062101,0.243158791425358,0.144605440658392,0.144448907382078
65,"Germany",12.5,6.6,2.3,3.6,3,0,0,NA,NA,-0.238526858,55800.21945,NA,NA,NA,NA,NA,NA,NA,NA,NA,NA,NA,NA,NA,NA,NA,NA,NA,NA,NA,NA,NA,NA,NA,NA,NA,NA
66,"Ghana",95.3,25.2,28.8,41.3,6,1,1,NA,1324504,5.684872604,2405.794664,39.9862069,NA,"'7601","'7404","'7801","'7602","'7204","'7213","Unwrought aluminium","Waste and scrap, of copper (excluding ingots or other similar unwrought shapes, of remelted ...","Unwrought lead :","Waste and scrap, of aluminium (excluding slags, scale and the like from iron and steel production, ...","Ferrous waste and scrap; remelting scrap ingots of iron or steel (excl. slag, scale and other ...","Other Iron",131419,81567,59899,34281,11108,8245,0.404921282235424,0.251319932643657,0.184557635384683,0.105624806735043,0.0342253829588651,0.0254040585610229
67,"Greece",59.2,21.9,28.2,9.1,4,0,0,NA,NA,2.271736226,24752.10684,NA,NA,NA,NA,NA,NA,NA,NA,NA,NA,NA,NA,NA,NA,NA,NA,NA,NA,NA,NA,NA,NA,NA,NA,NA,NA
68,"Grenada",70.6,68.4,0.1,2,2,0,1,NA,NA,3.693059328,11871.6117,NA,NA,NA,NA,NA,NA,NA,NA,NA,NA,NA,NA,NA,NA,NA,NA,NA,NA,NA,NA,NA,NA,NA,NA,NA,NA
69,"Guatemala",57.7,53.8,2.6,1.4,1,0,0,NA,NA,3.651864629,6150.025978,NA,NA,NA,NA,NA,NA,NA,NA,NA,NA,NA,NA,NA,NA,NA,NA,NA,NA,NA,NA,NA,NA,NA,NA,NA,NA
70,"Guinea",95,4.1,3.7,87.2,6,1,1,NA,250000,5.668523935,1717.023181,7.88121296,NA,"'7403","'7601","'7801","'7404","'7204","'7602","Copper, refined, and copper alloys, unwrought (excl. copper alloys of heading 7405)","Unwrought aluminium","Unwrought lead :","Waste and scrap, of copper (excluding ingots or other similar unwrought shapes, of remelted ...","Ferrous waste and scrap; remelting scrap ingots of iron or steel (excl. slag, scale and other ...","Waste and scrap, of aluminium (excluding slags, scale and the like from iron and steel production, ...",15944,11401,7140,3430,2409,2020,0.0825076957676719,0.0589983843105386,0.0369483785612881,0.0177497112696384,0.0124661966322329,0.0104531827302244
71,"Guinea-Bissau",98.3,93.6,4.4,0.3,1,1,1,NA,NA,4.813485952,962.9836279,4.057454974,NA,"'7602","'7326","'7304","'7616","'7312","'7204","Waste and scrap, of aluminium (excluding slags, scale and the like from iron and steel production, ...","Articles of iron or steel, n.e.s. (excl. cast articles)","Tubes, pipes and hollow profiles, seamless, of iron or steel (excl. products of cast iron)","Other Aluminium","Stranded wire, ropes, cables, plaited bands, slings and the like, of iron or steel (excl. electrically ...","Ferrous waste and scrap; remelting scrap ingots of iron or steel (excl. slag, scale and other ...",620,67,59,53,43,24,0.146267466576704,0.015806323001031,0.0139190008516541,0.0125035092396215,0.0101443565529005,0.00566196644813049
72,"Guyana",95.4,31.7,0.1,63.7,6,0,0,NA,NA,43.37200948,29883.63412,NA,NA,NA,NA,NA,NA,NA,NA,NA,NA,NA,NA,NA,NA,NA,NA,NA,NA,NA,NA,NA,NA,NA,NA,NA,NA
73,"Haiti",13.5,11,0,2.5,2,0,1,NA,NA,-4.169633958,2142.623305,NA,NA,NA,NA,NA,NA,NA,NA,NA,NA,NA,NA,NA,NA,NA,NA,NA,NA,NA,NA,NA,NA,NA,NA,NA,NA
74,"Honduras",49.1,43.3,1.8,4.1,3,0,1,NA,NA,3.553970033,3426.434833,NA,NA,NA,NA,NA,NA,NA,NA,NA,NA,NA,NA,NA,NA,NA,NA,NA,NA,NA,NA,NA,NA,NA,NA,NA,NA
75,"Hungary",13,9.1,2.4,1.5,1,0,0,NA,NA,0.512305791,23310.75127,NA,NA,NA,NA,NA,NA,NA,NA,NA,NA,NA,NA,NA,NA,NA,NA,NA,NA,NA,NA,NA,NA,NA,NA,NA,NA
76,"Iceland",87.2,48.6,1.2,37.5,5,0,0,NA,NA,0.516863122,82703.85799,NA,NA,NA,NA,NA,NA,NA,NA,NA,NA,NA,NA,NA,NA,NA,NA,NA,NA,NA,NA,NA,NA,NA,NA,NA,NA
77,"India",36.7,12.8,12.9,11,4,1,0,NA,17597062,6.48422363,2696.6639,57.21854093,67955.63,"'7601","'7202","'7308","'7208","'7326","'7210","Unwrought aluminium","Ferro-alloys","Structures and parts of structures ""e.g., bridges and bridge-sections, lock-gates, towers, ...","Other Iron","Articles of iron or steel, n.e.s. (excl. cast articles)","Other Iron",4828384,2636509,1797239,1572882,1431710,1261586,0.546567504174377,0.298449780270849,0.203445383514413,0.178048429681816,0.162067921980004,0.142810081244851
78,"Indonesia",54.2,27.6,18.6,8,4,0,0,NA,NA,5.030344694,4925.430488,NA,NA,NA,NA,NA,NA,NA,NA,NA,NA,NA,NA,NA,NA,NA,NA,NA,NA,NA,NA,NA,NA,NA,NA,NA,NA
79,"Iran",70.4,10.6,52.5,7.3,4,0,0,NA,NA,3.040000309,4771.40029,NA,NA,NA,NA,NA,NA,NA,NA,NA,NA,NA,NA,NA,NA,NA,NA,NA,NA,NA,NA,NA,NA,NA,NA,NA,NA
80,"Iraq",99.7,0.3,95.3,4.1,3,1,0,NA,NA,-1.545251983,6073.610323,34.39329113,NA,"'7602","'7403","'7413","'7408","'7404","'7614","Waste and scrap, of aluminium (excluding slags, scale and the like from iron and steel production, ...","Copper, refined, and copper alloys, unwrought (excl. copper alloys of heading 7405)","Other Copper","Other Copper","Waste and scrap, of copper (excluding ingots or other similar unwrought shapes, of remelted ...","Other Aluminium",41720,11768,8247,7076,5319,5086,0.0191206316987405,0.00539337473228137,0.00377967041274001,0.00324299112896184,0.00243774304903166,0.00233095716250705
81,"Ireland",10.3,8.9,0.5,0.8,1,0,0,NA,NA,1.221334299,107316.3373,NA,NA,NA,NA,NA,NA,NA,NA,NA,NA,NA,NA,NA,NA,NA,NA,NA,NA,NA,NA,NA,NA,NA,NA,NA,NA
82,"Israel",22.1,4.2,0.7,17.1,5,0,0,NA,NA,0.871968424,54176.68444,NA,NA,NA,NA,NA,NA,NA,NA,NA,NA,NA,NA,NA,NA,NA,NA,NA,NA,NA,NA,NA,NA,NA,NA,NA,NA
83,"Italy",17.2,10.6,2.8,3.8,3,0,0,NA,NA,0.72579238,40226.04724,NA,NA,NA,NA,NA,NA,NA,NA,NA,NA,NA,NA,NA,NA,NA,NA,NA,NA,NA,NA,NA,NA,NA,NA,NA,NA
84,"Jamaica",93.8,24.9,22.7,46.1,6,0,0,NA,NA,-0.718806912,7019.746348,NA,NA,NA,NA,NA,NA,NA,NA,NA,NA,NA,NA,NA,NA,NA,NA,NA,NA,NA,NA,NA,NA,NA,NA,NA,NA
85,"Japan",8,1.9,1.6,4.4,3,0,0,NA,NA,0.083698564,32475.8925,NA,NA,NA,NA,NA,NA,NA,NA,NA,NA,NA,NA,NA,NA,NA,NA,NA,NA,NA,NA,NA,NA,NA,NA,NA,NA
86,"Jordan",27,13.7,1.8,11.5,4,1,0,NA,857283,2.488894096,4618.095925,33.96811722,NA,"'7404","'7602","'7308","'7214","'7606","'7306","Waste and scrap, of copper (excluding ingots or other similar unwrought shapes, of remelted ...","Waste and scrap, of aluminium (excluding slags, scale and the like from iron and steel production, ...","Structures and parts of structures ""e.g., bridges and bridge-sections, lock-gates, towers, ...","Other Iron","Other Aluminium","Tubes, pipes and hollow profiles ""e.g., open seam or welded, riveted or similarly closed"", ...",76436,55576,53746,37980,28664,28315,0.376034339182718,0.273411539515657,0.264408676457616,0.186846305434084,0.141015336992169,0.139298397534652
87,"Kazakhstan",85.8,6.5,63.1,16.3,5,1,0,NA,NA,4.8,14005.34874,NA,16063,"'7403","'7202","'7901","'7208","'7601","'7210","Copper, refined, and copper alloys, unwrought (excl. copper alloys of heading 7405)","Ferro-alloys","Unwrought zinc :","Other Iron","Unwrought aluminium","Other Iron",4131828,2425460,650727,649763,543374,388673,2.53118633157372,1.48585352531102,0.398639848509175,0.398049295460104,0.332874660255106,0.238103760624051
88,"Kenya",71.9,57.3,4.6,10,4,1,1,NA,1359579,4.496498285,2206.134979,16.72504284,NA,"'7210","'7404","'7403","'7306","'7602","'7311","Other Iron","Waste and scrap, of copper (excluding ingots or other similar unwrought shapes, of remelted ...","Copper, refined, and copper alloys, unwrought (excl. copper alloys of heading 7405)","Tubes, pipes and hollow profiles ""e.g., open seam or welded, riveted or similarly closed"", ...","Waste and scrap, of aluminium (excluding slags, scale and the like from iron and steel production, ...","Containers of iron or steel, for compressed or liquefied gas (excluding containers specifically ...",122740,93745,19509,18713,16218,15330,0.743356366035119,0.567752505572447,0.118153326910373,0.113332472524158,0.0982218799442525,0.092843841382747
89,"Kiribati",88.2,83.7,3.6,0.9,1,0,1,NA,NA,5.266899264,2288.634583,NA,NA,NA,NA,NA,NA,NA,NA,NA,NA,NA,NA,NA,NA,NA,NA,NA,NA,NA,NA,NA,NA,NA,NA,NA,NA
90,"Korea (North)",22.7,4.9,12.3,5.5,3,0,0,NA,NA,NA,NA,NA,NA,NA,NA,NA,NA,NA,NA,NA,NA,NA,NA,NA,NA,NA,NA,NA,NA,NA,NA,NA,NA,NA,NA,NA,NA
91,"Korea (South)",12,2.4,6.8,2.9,2,0,0,NA,NA,1.356733243,33121.37129,NA,NA,NA,NA,NA,NA,NA,NA,NA,NA,NA,NA,NA,NA,NA,NA,NA,NA,NA,NA,NA,NA,NA,NA,NA,NA
92,"Kuwait",85.7,1.4,83.5,0.8,1,1,0,NA,863618,-2.560111133,32213.86223,11.28283221,NA,"'7612","'7308","'7304","'7202","'7602","'7408","Other Aluminium","Structures and parts of structures ""e.g., bridges and bridge-sections, lock-gates, towers, ...","Tubes, pipes and hollow profiles, seamless, of iron or steel (excl. products of cast iron)","Ferro-alloys","Waste and scrap, of aluminium (excluding slags, scale and the like from iron and steel production, ...","Other Copper",36135,35927,26076,21574,21219,19539,0.0237757071831935,0.0236388496463427,0.0171571977448168,0.0141950216347092,0.0139614426655648,0.0128560548679236
93,"Kyrgyzstan",81.7,15,4.6,62.1,6,1,1,NA,NA,9.040135561,2419.265536,NA,424,"'7404","'7214","'7801","'7326","'7601","'7616","Waste and scrap, of copper (excluding ingots or other similar unwrought shapes, of remelted ...","Other Iron","Unwrought lead :","Articles of iron or steel, n.e.s. (excl. cast articles)","Unwrought aluminium","Other Aluminium",59005,38496,14046,9370,6145,5641,0.788796614932232,0.514626124708604,0.187771159280368,0.125260982661046,0.0821482111475056,0.0754105873202732
94,"Laos",77,24.4,28.4,24.1,5,0,1,NA,NA,4.258257247,2123.979094,NA,NA,NA,NA,NA,NA,NA,NA,NA,NA,NA,NA,NA,NA,NA,NA,NA,NA,NA,NA,NA,NA,NA,NA,NA,NA
95,"Latvia",39.5,32.4,4.9,2.2,2,0,0,NA,NA,-0.442491126,23367.59868,NA,NA,NA,NA,NA,NA,NA,NA,NA,NA,NA,NA,NA,NA,NA,NA,NA,NA,NA,NA,NA,NA,NA,NA,NA,NA
96,"Lebanon",54.8,18.4,0.8,35.7,5,1,0,NA,832954,-0.76058447,3477.724898,33.17758183,NA,"'7204","'7404","'7801","'7602","'7403","'7601","Ferrous waste and scrap; remelting scrap ingots of iron or steel (excl. slag, scale and other ...","Waste and scrap, of copper (excluding ingots or other similar unwrought shapes, of remelted ...","Unwrought lead :","Waste and scrap, of aluminium (excluding slags, scale and the like from iron and steel production, ...","Copper, refined, and copper alloys, unwrought (excl. copper alloys of heading 7405)","Unwrought aluminium",149627,102111,59227,36911,11923,9829,3.84616076672849,2.6247623894846,1.52242953297886,0.948796942134208,0.306480613938018,0.252654361687224
97,"Lesotho",43.2,7.8,0,35.3,5,1,1,NA,NA,2.762238185,971.8146205,NA,NA,"'7204","'7308","'7610","'7613","'7326","'7311","Ferrous waste and scrap; remelting scrap ingots of iron or steel (excl. slag, scale and other waste from the production of iron or steel; radioactive waste and scrap; fragments of pigs, blocks or other primary forms of pig iron or spiegeleisen)","Structures and parts of structures ""e.g., bridges and bridge-sections, lock-gates, towers, lattice masts, roofs, roofing frameworks, doors and windows and their frames and thresholds for doors, shutters, balustrades, pillars and columns"", of iron or steel; plates, rods, angles, shapes, sections, tubes and the like, prepared for use in structures, of iron or steel (excl. prefabricated buildings of heading 9406)","Other Aluminium","Other Aluminium","Articles of iron or steel, n.e.s. (excl. cast articles)","Containers of iron or steel, for compressed or liquefied gas (excluding containers specifically constructed or equipped for one or more types of transport)",1049,577,446,177,110,99,0.0522024819319198,0.0287138532647452,0.0221947635287285,0.00880823575019047,0.00547404481650255,0.0049266403348523
98,"Liberia",74.3,17.1,1.5,55.7,6,1,1,NA,NA,4.792914822,846.2773684,7.433794275,NA,"'7602","'7404","'7410","'7406","'7304","'7202","Waste and scrap, of aluminium (excluding slags, scale and the like from iron and steel production, containing recoverable aluminium in the form of silicates, ingots or other similar unwrought shapes, of remelted waste and scrap, of aluminium, ashes and residues from aluminium production)","Waste and scrap, of copper (excluding ingots or other similar unwrought shapes, of remelted copper waste and scrap, ashes and residues containing copper, and waste and scrap of primary cells, primary batteries and electric accumulators)","Other Copper","Powders and flakes, of copper (excl. grains of copper and spangles of heading 8308)","Tubes, pipes and hollow profiles, seamless, of iron or steel (excl. products of cast iron)","Ferro-alloys",5115,4174,312,215,133,129,0.107109382656279,0.087404606687646,0.00653335823827157,0.00450215391419355,0.0027850533515709,0.00270129234851613
99,"Libya",98.9,0.2,91.6,7.1,4,1,0,NA,NA,-0.605832527,6318.40314,12.40107525,NA,"'7203","'7204","'7404","'7602","'7801","'7207","Ferrous products obtained by direct reduction of iron ore and other spongy ferrous products, in lumps, pellets or similar forms; iron having a minimum purity by weight of 99,94%, in lumps, pellets or similar forms","Ferrous waste and scrap; remelting scrap ingots of iron or steel (excl. slag, scale and other waste from the production of iron or steel; radioactive waste and scrap; fragments of pigs, blocks or other primary forms of pig iron or spiegeleisen)","Waste and scrap, of copper (excluding ingots or other similar unwrought shapes, of remelted copper waste and scrap, ashes and residues containing copper, and waste and scrap of primary cells, primary batteries and electric accumulators)","Waste and scrap, of aluminium (excluding slags, scale and the like from iron and steel production, containing recoverable aluminium in the form of silicates, ingots or other similar unwrought shapes, of remelted waste and scrap, of aluminium, ashes and residues from aluminium production)","Unwrought lead :","Other Iron",258249,147097,128595,76145,22515,22495,0.432318505585401,0.246245891430734,0.215272849946194,0.127469584036338,0.0376909538981963,0.0376574731485644
100,"Liechtenstein",NA,NA,NA,NA,NA,0,0,NA,NA,NA,207973.6177,NA,NA,NA,NA,NA,NA,NA,NA,NA,NA,NA,NA,NA,NA,NA,NA,NA,NA,NA,NA,NA,NA,NA,NA,NA,NA
101,"Lithuania",33.8,21.1,10.3,2.4,2,0,0,NA,NA,2.772631245,29386.28784,NA,NA,NA,NA,NA,NA,NA,NA,NA,NA,NA,NA,NA,NA,NA,NA,NA,NA,NA,NA,NA,NA,NA,NA,NA,NA
102,"Luxembourg",17.1,9.9,0.3,7,4,0,0,NA,NA,1.031616713,137516.5873,NA,NA,NA,NA,NA,NA,NA,NA,NA,NA,NA,NA,NA,NA,NA,NA,NA,NA,NA,NA,NA,NA,NA,NA,NA,NA
103,"Madagascar",73.9,41.7,0.9,31.2,5,1,1,NA,NA,4.2,544.9973027,7.765154056,673,"'7502","'8105","'7503","'7311","'7308","'7306","Unwrought nickel","Cobalt mattes and other intermediate products","Waste and scrap, of nickel (excluding ingots or other similar unwrought shapes, of remelted nickel waste and scrap, ashes and residues containing nickel and waste and scrap of primary cells, primary batteries and electric accumulators)","Containers of iron or steel, for compressed or liquefied gas (excluding containers specifically constructed or equipped for one or more types of transport)","Structures and parts of structures ""e.g., bridges and bridge-sections, lock-gates, towers, lattice masts, roofs, roofing frameworks, doors and windows and their frames and thresholds for doors, shutters, balustrades, pillars and columns"", of iron or steel; plates, rods, angles, shapes, sections, tubes and the like, prepared for use in structures, of iron or steel (excl. prefabricated buildings of heading 9406)","Tubes, pipes and hollow profiles ""e.g., open seam or welded, riveted or similarly closed"", of iron or steel (excl. of cast iron, seamless tubes and pipes and tubes having internal and external circular cross-sections and an external diameter of > 406,4 mm)",462029,60017,1448,912,874,806,9.03438639248699,1.1735557034686,0.0283137887369,0.0178329940110862,0.0170899525939576,0.0157602995317275
104,"Malawi",93.4,92.5,0.1,0.8,1,1,1,NA,NA,1.82685,508.3712735,NA,NA,"'7204","'7601","'7801","'7227","'7403","'7228","Ferrous waste and scrap; remelting scrap ingots of iron or steel (excl. slag, scale and other waste from the production of iron or steel; radioactive waste and scrap; fragments of pigs, blocks or other primary forms of pig iron or spiegeleisen)","Unwrought aluminium","Unwrought lead :","Other Iron","Copper, refined, and copper alloys, unwrought (excl. copper alloys of heading 7405)","Other Iron",5958,664,616,578,326,192,0.310802661697719,0.0346379602831966,0.0321340113470619,0.0301517184392886,0.0170059865245815,0.0100157957445388
105,"Malaysia",28.8,11.7,12.8,4.3,3,0,0,NA,NA,5.114155478,11867.25864,NA,NA,NA,NA,NA,NA,NA,NA,NA,NA,NA,NA,NA,NA,NA,NA,NA,NA,NA,NA,NA,NA,NA,NA,NA,NA
106,"Maldives",96.2,87.8,5.7,2.8,2,1,1,NA,NA,5.133962231,13215.53536,7.215384739,NA,"'7204","'7404","'7602","'7802","'7222","'7224","Ferrous waste and scrap; remelting scrap ingots of iron or steel (excl. slag, scale and other waste from the production of iron or steel; radioactive waste and scrap; fragments of pigs, blocks or other primary forms of pig iron or spiegeleisen)","Waste and scrap, of copper (excluding ingots or other similar unwrought shapes, of remelted copper waste and scrap, ashes and residues containing copper, and waste and scrap of primary cells, primary batteries and electric accumulators)","Waste and scrap, of aluminium (excluding slags, scale and the like from iron and steel production, containing recoverable aluminium in the form of silicates, ingots or other similar unwrought shapes, of remelted waste and scrap, of aluminium, ashes and residues from aluminium production)","Lead waste and scrap (excluding ashes and residues from lead production ""heading No 2620"", and ingots or other similar unwrought shapes, of remelted waste and scrap, of lead ""heading No 7801"" and waste and scrap of primary cells, primary batteries et electric accumulators)","Other Iron","Other Iron",3050,809,122,16,0,0,1.63704773201797,0.43422020170575,0.0654819092807188,0.00858779138107787,0,0
107,"Mali",96.7,11,0.3,85.4,6,1,1,NA,NA,5.004545937,1086.176218,NA,NA,"'7801","'7602","'7326","'7216","'7208","'7309","Unwrought lead :","Waste and scrap, of aluminium (excluding slags, scale and the like from iron and steel production, containing recoverable aluminium in the form of silicates, ingots or other similar unwrought shapes, of remelted waste and scrap, of aluminium, ashes and residues from aluminium production)","Articles of iron or steel, n.e.s. (excl. cast articles)","Other Iron","Other Iron","Reservoirs, tanks, vats and similar containers, of iron or steel, for any material ""other than compressed or liquefied gas"", of a capacity of > 300 l, not fitted with mechanical or thermal equipment, whether or not lined or heat-insulated (excluding containers specifically constructed or equipped for one or more types of transport)",2451,682,286,220,135,135,0.119104312246703,0.0331412243787235,0.0138979328039808,0.0106907175415237,0.0065602130368441,0.0065602130368441
108,"Malta",27.9,8.2,18.4,1.2,1,0,0,NA,NA,5.969281961,42347.30739,NA,NA,NA,NA,NA,NA,NA,NA,NA,NA,NA,NA,NA,NA,NA,NA,NA,NA,NA,NA,NA,NA,NA,NA,NA,NA
109,"Marshall Islands",9.8,6.3,3.4,0.1,1,0,1,NA,NA,2.770968022,7466.651865,NA,NA,NA,NA,NA,NA,NA,NA,NA,NA,NA,NA,NA,NA,NA,NA,NA,NA,NA,NA,NA,NA,NA,NA,NA,NA
110,"Mauritania",98.8,32.1,0.5,66.1,6,1,1,NA,NA,5.2,2082.783744,6.166713965,728,"'7305","'7802","'7311","'7308","'7326","'7614","Tubes and pipes, having circular cross-sections and an external diameter of > 406,4 mm, of flat-rolled products of iron or steel ""e.g., welded, riveted or similarly closed""","Lead waste and scrap (excluding ashes and residues from lead production ""heading No 2620"", and ingots or other similar unwrought shapes, of remelted waste and scrap, of lead ""heading No 7801"" and waste and scrap of primary cells, primary batteries et electric accumulators)","Containers of iron or steel, for compressed or liquefied gas (excluding containers specifically constructed or equipped for one or more types of transport)","Structures and parts of structures ""e.g., bridges and bridge-sections, lock-gates, towers, lattice masts, roofs, roofing frameworks, doors and windows and their frames and thresholds for doors, shutters, balustrades, pillars and columns"", of iron or steel; plates, rods, angles, shapes, sections, tubes and the like, prepared for use in structures, of iron or steel (excl. prefabricated buildings of heading 9406)","Articles of iron or steel, n.e.s. (excl. cast articles)","Other Aluminium",789,787,341,285,167,137,0.00950704925410632,0.00948295026993875,0.00410887680057066,0.00343410524387871,0.00201226517799209,0.00165078041547854
111,"Mauritius",45.4,38.2,0.4,6.8,3,1,0,NA,438078,4.693903184,11871.73368,33.73429687,NA,"'7204","'7404","'7610","'7403","'7602","'7308","Ferrous waste and scrap; remelting scrap ingots of iron or steel (excl. slag, scale and other waste from the production of iron or steel; radioactive waste and scrap; fragments of pigs, blocks or other primary forms of pig iron or spiegeleisen)","Waste and scrap, of copper (excluding ingots or other similar unwrought shapes, of remelted copper waste and scrap, ashes and residues containing copper, and waste and scrap of primary cells, primary batteries and electric accumulators)","Other Aluminium","Copper, refined, and copper alloys, unwrought (excl. copper alloys of heading 7405)","Waste and scrap, of aluminium (excluding slags, scale and the like from iron and steel production, containing recoverable aluminium in the form of silicates, ingots or other similar unwrought shapes, of remelted waste and scrap, of aluminium, ashes and residues from aluminium production)","Structures and parts of structures ""e.g., bridges and bridge-sections, lock-gates, towers, lattice masts, roofs, roofing frameworks, doors and windows and their frames and thresholds for doors, shutters, balustrades, pillars and columns"", of iron or steel; plates, rods, angles, shapes, sections, tubes and the like, prepared for use in structures, of iron or steel (excl. prefabricated buildings of heading 9406)",16752,7008,6927,5556,5208,2455,0.477679899148862,0.199831705661128,0.197522007008367,0.158428218700518,0.148505068933099,0.0700038295373959
112,"Mexico",17.5,8.8,5.2,3.4,2,0,0,NA,NA,1.454062478,14157.94458,NA,NA,NA,NA,NA,NA,NA,NA,NA,NA,NA,NA,NA,NA,NA,NA,NA,NA,NA,NA,NA,NA,NA,NA,NA,NA
113,"Micronesia",98.1,98.1,0,0,1,0,1,NA,NA,0.719083512,4166.004767,NA,NA,NA,NA,NA,NA,NA,NA,NA,NA,NA,NA,NA,NA,NA,NA,NA,NA,NA,NA,NA,NA,NA,NA,NA,NA
114,"Moldova",46,43.6,0.5,1.9,2,0,1,NA,NA,0.103059412,7617.516131,NA,NA,NA,NA,NA,NA,NA,NA,NA,NA,NA,NA,NA,NA,NA,NA,NA,NA,NA,NA,NA,NA,NA,NA,NA,NA
115,"Monaco",NA,NA,NA,NA,NA,0,0,NA,NA,5.043382592,256580.5151,NA,NA,NA,NA,NA,NA,NA,NA,NA,NA,NA,NA,NA,NA,NA,NA,NA,NA,NA,NA,NA,NA,NA,NA,NA,NA
116,"Mongolia",98.5,5.9,36.2,56.4,6,0,0,NA,NA,4.864001434,6691.482098,NA,NA,NA,NA,NA,NA,NA,NA,NA,NA,NA,NA,NA,NA,NA,NA,NA,NA,NA,NA,NA,NA,NA,NA,NA,NA
117,"Montenegro",70.5,21.5,18.9,30,5,0,0,NA,NA,3.040315798,12935.45227,NA,NA,NA,NA,NA,NA,NA,NA,NA,NA,NA,NA,NA,NA,NA,NA,NA,NA,NA,NA,NA,NA,NA,NA,NA,NA
118,"Morocco",29.4,22.6,0.5,6.3,3,1,0,NA,7000928,3.236513735,3993.387451,68.05225001,2295,"'7403","'7404","'8108","'7602","'7326","'8105","Copper, refined, and copper alloys, unwrought (excl. copper alloys of heading 7405)","Waste and scrap, of copper (excluding ingots or other similar unwrought shapes, of remelted copper waste and scrap, ashes and residues containing copper, and waste and scrap of primary cells, primary batteries and electric accumulators)","Titanium and articles thereof","Waste and scrap, of aluminium (excluding slags, scale and the like from iron and steel production, containing recoverable aluminium in the form of silicates, ingots or other similar unwrought shapes, of remelted waste and scrap, of aluminium, ashes and residues from aluminium production)","Articles of iron or steel, n.e.s. (excl. cast articles)","Cobalt mattes and other intermediate products",304387,88198,80371,48733,40153,33728,0.314127441724059,0.0910203527259,0.082942887241585,0.0502924652417434,0.0414379036146292,0.0348073023961899
119,"Mozambique",95.7,19.8,38.4,37.5,5,1,1,NA,417459,1.851775025,647.2857995,14.54538699,NA,"'7601","'7605","'7306","'7204","'7801","'7404","Unwrought aluminium","Other Aluminium","Tubes, pipes and hollow profiles ""e.g., open seam or welded, riveted or similarly closed"", of iron or steel (excl. of cast iron, seamless tubes and pipes and tubes having internal and external circular cross-sections and an external diameter of > 406,4 mm)","Ferrous waste and scrap; remelting scrap ingots of iron or steel (excl. slag, scale and other waste from the production of iron or steel; radioactive waste and scrap; fragments of pigs, blocks or other primary forms of pig iron or spiegeleisen)","Unwrought lead :","Waste and scrap, of copper (excluding ingots or other similar unwrought shapes, of remelted copper waste and scrap, ashes and residues containing copper, and waste and scrap of primary cells, primary batteries and electric accumulators)",1122174,161116,23201,12509,10288,6464,6.83312218078466,0.98106471302962,0.141275121074258,0.0761695827558251,0.0626455086251442,0.0393604750926256
120,"Myanmar",59.5,30.8,22.1,6.6,3,0,1,NA,NA,-0.972046414,1359.259614,NA,NA,NA,NA,NA,NA,NA,NA,NA,NA,NA,NA,NA,NA,NA,NA,NA,NA,NA,NA,NA,NA,NA,NA,NA,NA
121,"Namibia",85.2,22.3,1.6,61.3,6,1,0,NA,154207,3.711544974,4413.127442,14.59477899,NA,"'7403","'7228","'7204","'7326","'7404","'7308","Copper, refined, and copper alloys, unwrought (excl. copper alloys of heading 7405)","Other Iron","Ferrous waste and scrap; remelting scrap ingots of iron or steel (excl. slag, scale and other waste from the production of iron or steel; radioactive waste and scrap; fragments of pigs, blocks or other primary forms of pig iron or spiegeleisen)","Articles of iron or steel, n.e.s. (excl. cast articles)","Waste and scrap, of copper (excluding ingots or other similar unwrought shapes, of remelted copper waste and scrap, ashes and residues containing copper, and waste and scrap of primary cells, primary batteries and electric accumulators)","Structures and parts of structures ""e.g., bridges and bridge-sections, lock-gates, towers, lattice masts, roofs, roofing frameworks, doors and windows and their frames and thresholds for doors, shutters, balustrades, pillars and columns"", of iron or steel; plates, rods, angles, shapes, sections, tubes and the like, prepared for use in structures, of iron or steel (excl. prefabricated buildings of heading 9406)",363103,27092,20753,19317,10876,6405,2.7812529322214,0.207516061392338,0.158961347337782,0.147962046283619,0.0833066840286089,0.0490602529609452
122,"Nauru",77.5,55.1,0,22.4,5,0,0,NA,NA,1.760251622,13421.83306,NA,NA,NA,NA,NA,NA,NA,NA,NA,NA,NA,NA,NA,NA,NA,NA,NA,NA,NA,NA,NA,NA,NA,NA,NA,NA
123,"Nepal",49.9,47.7,0,2.1,2,1,1,NA,NA,3.665374307,1447.310045,NA,NA,"'7210","'7211","'7209","'7323","'7801","'7409","Other Iron","Other Iron","Other Iron","Table, kitchen or other household articles, and parts thereof, of iron or steel; iron or steel wool; pot scourers and scouring or polishing pads, gloves and the like, of iron or steel (excl. cans, boxes and similar containers of heading 7310; waste baskets; shovels, corkscrews and other articles of the nature of a work implement; articles of cutlery, spoons, ladles, forks etc. of heading 8211 to 8215; ornamental articles; sanitary ware)","Unwrought lead :","Other Copper",77391,9795,9687,8447,7942,7309,3.05029793131065,0.386061276339469,0.381804551699892,0.332931046578815,0.313026917477087,0.288077781395118
124,"Netherlands",32.9,19.1,11.1,2.8,2,0,0,NA,NA,0.979674922,68218.7261,NA,NA,NA,NA,NA,NA,NA,NA,NA,NA,NA,NA,NA,NA,NA,NA,NA,NA,NA,NA,NA,NA,NA,NA,NA,NA
125,"New Zealand",81.3,76.5,1.1,3.7,3,0,0,NA,NA,-0.126462419,48747.01369,NA,NA,NA,NA,NA,NA,NA,NA,NA,NA,NA,NA,NA,NA,NA,NA,NA,NA,NA,NA,NA,NA,NA,NA,NA,NA
126,"Nicaragua",58.2,45.4,0.3,12.5,4,0,1,NA,NA,3.587830229,2847.539663,NA,NA,NA,NA,NA,NA,NA,NA,NA,NA,NA,NA,NA,NA,NA,NA,NA,NA,NA,NA,NA,NA,NA,NA,NA,NA
127,"Niger",90.4,18,19.2,53.2,6,1,1,NA,NA,8.421597895,722.7486503,NA,NA,"'7308","'7204","'7210","'7307","'7318","'7314","Structures and parts of structures ""e.g., bridges and bridge-sections, lock-gates, towers, lattice masts, roofs, roofing frameworks, doors and windows and their frames and thresholds for doors, shutters, balustrades, pillars and columns"", of iron or steel; plates, rods, angles, shapes, sections, tubes and the like, prepared for use in structures, of iron or steel (excl. prefabricated buildings of heading 9406)","Ferrous waste and scrap; remelting scrap ingots of iron or steel (excl. slag, scale and other waste from the production of iron or steel; radioactive waste and scrap; fragments of pigs, blocks or other primary forms of pig iron or spiegeleisen)","Other Iron","Tube or pipe fittings ""e.g. couplings, elbows, sleeves"", of iron or steel","Screws, bolts, nuts, coach screws, screw hooks, rivets, cotters, cotter pins, washers, incl. spring washers, and similar articles, of iron or steel (excl. lag screws, stoppers, plugs and the like, threaded)","Cloth, incl. endless bands, grill, netting and fencing, of iron or steel wire, expanded metal of iron or steel (excl. woven products of metal fibres of a kind used for cladding, lining or similar purposes)",870,72,39,8,7,5,0.0431640113357624,0.00357219404158034,0.00193493843918935,0.000396910449064482,0.000347296642931422,0.000248069030665301
128,"Nigeria",95,3.5,89.8,1.7,2,1,0,NA,1548622,3.426439471,806.9456951,21.25095109,NA,NA,NA,NA,NA,NA,NA,NA,NA,NA,NA,NA,NA,NA,NA,NA,NA,NA,NA,NA,NA,NA,NA,NA,NA
129,"North Macedonia",15.5,8.8,1.9,4.8,3,0,0,NA,NA,2.756249173,9310.0279,NA,NA,NA,NA,NA,NA,NA,NA,NA,NA,NA,NA,NA,NA,NA,NA,NA,NA,NA,NA,NA,NA,NA,NA,NA,NA
130,"Norway",81.6,12.7,61.7,7.1,4,0,0,NA,NA,2.100453278,86809.72469,NA,NA,NA,NA,NA,NA,NA,NA,NA,NA,NA,NA,NA,NA,NA,NA,NA,NA,NA,NA,NA,NA,NA,NA,NA,NA
131,"Oman",64.4,6.3,49.6,8.4,4,1,0,NA,5141830,1.67407663,20248.41681,60.72164458,NA,"'7207","'7601","'7203","'7606","'7214","'7605","Other Iron","Unwrought aluminium","Ferrous products obtained by direct reduction of iron ore and other spongy ferrous products, in lumps, pellets or similar forms; iron having a minimum purity by weight of 99,94%, in lumps, pellets or similar forms","Other Aluminium","Other Iron","Other Aluminium",1820804,717758,369993,270667,145950,84935,1.31443717577651,0.518149014617169,0.267097696389661,0.195394324186405,0.105361206260851,0.0613145190391598
132,"Pakistan",24.9,20.3,1,3.6,3,1,0,NA,3161000,3.234784432,1484.749859,40.78238378,NA,"'7403","'7612","'7601","'7210","'7801","'7615","Copper, refined, and copper alloys, unwrought (excl. copper alloys of heading 7405)","Other Aluminium","Unwrought aluminium","Other Iron","Unwrought lead :","Other Aluminium",801760,58553,57526,47266,33007,26762,1.2349757085965,0.0901909956414026,0.0886090757991449,0.0728052806856444,0.0508417022720574,0.0412223357531675
133,"Palau",61.3,54.1,0.1,7.1,4,0,0,NA,NA,1.877031984,15899.42461,NA,NA,NA,NA,NA,NA,NA,NA,NA,NA,NA,NA,NA,NA,NA,NA,NA,NA,NA,NA,NA,NA,NA,NA,NA,NA
134,"Palestine",34.4,22.4,0.1,11.9,4,1,0,NA,NA,NA,NA,NA,NA,"'7602","'7606","'7804","'7802","'7419","'7326","Waste and scrap, of aluminium (excluding slags, scale and the like from iron and steel production, containing recoverable aluminium in the form of silicates, ingots or other similar unwrought shapes, of remelted waste and scrap, of aluminium, ashes and residues from aluminium production)","Other Aluminium","Other Lead","Lead waste and scrap (excluding ashes and residues from lead production ""heading No 2620"", and ingots or other similar unwrought shapes, of remelted waste and scrap, of lead ""heading No 7801"" and waste and scrap of primary cells, primary batteries et electric accumulators)","Other Copper","Articles of iron or steel, n.e.s. (excl. cast articles)",1835,188,165,88,15,5,0.940080739359413,0.096313449046087,0.0845304207053423,0.0450828910428492,0.00768458370048567,0.00256152790016189
135,"Panama",52.5,14.7,8.9,28.9,5,0,0,NA,NA,2.861666635,19102.85219,NA,NA,NA,NA,NA,NA,NA,NA,NA,NA,NA,NA,NA,NA,NA,NA,NA,NA,NA,NA,NA,NA,NA,NA,NA,NA
136,"Papua New Guinea",96.8,23.1,28.8,44.9,6,0,1,NA,NA,4.095029002,3076.487862,NA,NA,NA,NA,NA,NA,NA,NA,NA,NA,NA,NA,NA,NA,NA,NA,NA,NA,NA,NA,NA,NA,NA,NA,NA,NA
137,"Paraguay",87.3,68.2,17.8,1.3,1,0,0,NA,NA,4.249960105,6416.09709,NA,NA,NA,NA,NA,NA,NA,NA,NA,NA,NA,NA,NA,NA,NA,NA,NA,NA,NA,NA,NA,NA,NA,NA,NA,NA
138,"Peru",90.9,23.9,6.4,60.6,6,0,0,NA,NA,3.303940982,8452.37167,NA,NA,NA,NA,NA,NA,NA,NA,NA,NA,NA,NA,NA,NA,NA,NA,NA,NA,NA,NA,NA,NA,NA,NA,NA,NA
139,"Philippines",19.8,10.3,1.3,8.3,4,0,0,NA,NA,5.692016128,3984.831539,NA,NA,NA,NA,NA,NA,NA,NA,NA,NA,NA,NA,NA,NA,NA,NA,NA,NA,NA,NA,NA,NA,NA,NA,NA,NA
140,"Poland",20.3,14.6,2,3.6,3,0,0,NA,NA,2.923388081,25022.67164,NA,NA,NA,NA,NA,NA,NA,NA,NA,NA,NA,NA,NA,NA,NA,NA,NA,NA,NA,NA,NA,NA,NA,NA,NA,NA
141,"Portugal",23.3,15,5.5,2.7,2,0,0,NA,NA,1.92844406,28844.49792,NA,NA,NA,NA,NA,NA,NA,NA,NA,NA,NA,NA,NA,NA,NA,NA,NA,NA,NA,NA,NA,NA,NA,NA,NA,NA
142,"Qatar",86.6,0.1,83.6,2.9,2,1,0,NA,1412689,2.768414336,76275.90768,36.85281265,NA,"'7601","'7214","'7403","'7207","'7203","'7604","Unwrought aluminium","Other Iron","Copper, refined, and copper alloys, unwrought (excl. copper alloys of heading 7405)","Other Iron","Ferrous products obtained by direct reduction of iron ore and other spongy ferrous products, in lumps, pellets or similar forms; iron having a minimum purity by weight of 99,94%, in lumps, pellets or similar forms","Bars, rods and profiles, of aluminium, n.e.s.",1506904,202713,150417,86124,66470,25816,0.848794812574616,0.114182285561282,0.084725483058666,0.0485111224326011,0.0374406008556847,0.014541395391761
143,"Romania",18.5,12.8,3.3,2.5,2,0,0,NA,NA,0.813687203,20072.40792,NA,NA,NA,NA,NA,NA,NA,NA,NA,NA,NA,NA,NA,NA,NA,NA,NA,NA,NA,NA,NA,NA,NA,NA,NA,NA
144,"Russia",77.5,10.2,54.7,12.7,5,0,0,NA,NA,4.344374755,14889.01855,NA,NA,NA,NA,NA,NA,NA,NA,NA,NA,NA,NA,NA,NA,NA,NA,NA,NA,NA,NA,NA,NA,NA,NA,NA,NA
145,"Rwanda",91.4,29.5,4.2,57.7,6,1,1,NA,NA,8.890655296,999.6545614,NA,NA,"'8001","'7801","'7602","'7403","'7210","'7601","Unwrought tin","Unwrought lead :","Waste and scrap, of aluminium (excluding slags, scale and the like from iron and steel production, containing recoverable aluminium in the form of silicates, ingots or other similar unwrought shapes, of remelted waste and scrap, of aluminium, ashes and residues from aluminium production)","Copper, refined, and copper alloys, unwrought (excl. copper alloys of heading 7405)","Other Iron","Unwrought aluminium",22988,4942,1919,1057,898,679,1.90356633002878,0.409231982034203,0.158906550692763,0.0875269536645391,0.074360647484159,0.0562259238772205
146,"Saint Kitts and Nevis",12.1,10.9,0.2,1,1,0,0,NA,NA,1.166440229,22771.41689,NA,NA,NA,NA,NA,NA,NA,NA,NA,NA,NA,NA,NA,NA,NA,NA,NA,NA,NA,NA,NA,NA,NA,NA,NA,NA
147,"Saint Lucia",72.9,4.6,66.2,2.1,2,0,0,NA,NA,3.891750242,14181.63034,NA,NA,NA,NA,NA,NA,NA,NA,NA,NA,NA,NA,NA,NA,NA,NA,NA,NA,NA,NA,NA,NA,NA,NA,NA,NA
148,"Saint Vincent and the Grenadines",63.2,17.3,45.5,0.4,1,0,1,NA,NA,4.061834901,11501.22652,NA,NA,NA,NA,NA,NA,NA,NA,NA,NA,NA,NA,NA,NA,NA,NA,NA,NA,NA,NA,NA,NA,NA,NA,NA,NA
149,"Samoa",78.8,69.2,8.4,1.2,1,0,1,NA,NA,9.422350442,4898.771408,NA,NA,NA,NA,NA,NA,NA,NA,NA,NA,NA,NA,NA,NA,NA,NA,NA,NA,NA,NA,NA,NA,NA,NA,NA,NA
150,"San Marino",NA,NA,NA,NA,NA,0,0,NA,NA,NA,NA,NA,NA,NA,NA,NA,NA,NA,NA,NA,NA,NA,NA,NA,NA,NA,NA,NA,NA,NA,NA,NA,NA,NA,NA,NA,NA
151,"Sao Tome and Principe",54.4,54,0,0.4,1,1,1,NA,NA,0.900000599,3244.828997,4.93629905,NA,"'7204","'7326","'7404","'7307","'7602","'7311","Ferrous waste and scrap; remelting scrap ingots of iron or steel (excl. slag, scale and other waste from the production of iron or steel; radioactive waste and scrap; fragments of pigs, blocks or other primary forms of pig iron or spiegeleisen)","Articles of iron or steel, n.e.s. (excl. cast articles)","Waste and scrap, of copper (excluding ingots or other similar unwrought shapes, of remelted copper waste and scrap, ashes and residues containing copper, and waste and scrap of primary cells, primary batteries and electric accumulators)","Tube or pipe fittings ""e.g. couplings, elbows, sleeves"", of iron or steel","Waste and scrap, of aluminium (excluding slags, scale and the like from iron and steel production, containing recoverable aluminium in the form of silicates, ingots or other similar unwrought shapes, of remelted waste and scrap, of aluminium, ashes and residues from aluminium production)","Containers of iron or steel, for compressed or liquefied gas (excluding containers specifically constructed or equipped for one or more types of transport)",215,46,44,25,13,13,0.218300706685078,0.0467061977093656,0.0446754934611323,0.0253838031029161,0.0131995776135164,0.0131995776135164
152,"Saudi Arabia",74.4,2.2,69.4,2.8,2,1,0,NA,9330437,1.807955151,35057.22523,70.00213334,NA,"'7404","'7606","'7602","'7601","'7413","'7208","Waste and scrap, of copper (excluding ingots or other similar unwrought shapes, of remelted copper waste and scrap, ashes and residues containing copper, and waste and scrap of primary cells, primary batteries and electric accumulators)","Other Aluminium","Waste and scrap, of aluminium (excluding slags, scale and the like from iron and steel production, containing recoverable aluminium in the form of silicates, ingots or other similar unwrought shapes, of remelted waste and scrap, of aluminium, ashes and residues from aluminium production)","Unwrought aluminium","Other Copper","Other Iron",1376363,716779,697356,626476,261838,206756,0.225368654139945,0.11736694356487,0.114186579540728,0.102580535055778,0.0428739203703491,0.0338546745701232
153,"Senegal",76.3,31,21.5,23.9,5,1,1,NA,696899,6.892007403,1743.988884,17.03210287,NA,"'7215","'7214","'7228","'7204","'7801","'7304","Other Iron","Other Iron","Other Iron","Ferrous waste and scrap; remelting scrap ingots of iron or steel (excl. slag, scale and other waste from the production of iron or steel; radioactive waste and scrap; fragments of pigs, blocks or other primary forms of pig iron or spiegeleisen)","Unwrought lead :","Tubes, pipes and hollow profiles, seamless, of iron or steel (excl. products of cast iron)",33682,19557,16161,15937,15460,14178,0.266873116578357,0.154956283502254,0.128048703670294,0.126273880972308,0.122494459423473,0.112336768803751
154,"Serbia",30.5,20.8,2.7,7,4,0,0,NA,NA,3.878012796,13523.72468,NA,NA,NA,NA,NA,NA,NA,NA,NA,NA,NA,NA,NA,NA,NA,NA,NA,NA,NA,NA,NA,NA,NA,NA,NA,NA
155,"Seychelles",78.1,52.4,25.5,0.2,1,1,0,NA,NA,3.465680664,17858.82264,8.459323297,NA,"'7404","'7602","'7204","'7311","'8110","'8112","Waste and scrap, of copper (excluding ingots or other similar unwrought shapes, of remelted copper waste and scrap, ashes and residues containing copper, and waste and scrap of primary cells, primary batteries and electric accumulators)","Waste and scrap, of aluminium (excluding slags, scale and the like from iron and steel production, containing recoverable aluminium in the form of silicates, ingots or other similar unwrought shapes, of remelted waste and scrap, of aluminium, ashes and residues from aluminium production)","Ferrous waste and scrap; remelting scrap ingots of iron or steel (excl. slag, scale and other waste from the production of iron or steel; radioactive waste and scrap; fragments of pigs, blocks or other primary forms of pig iron or spiegeleisen)","Containers of iron or steel, for compressed or liquefied gas (excluding containers specifically constructed or equipped for one or more types of transport)","Antimony and articles thereof","Beryllium, chromium, hafnium, rhenium, thallium, cadmium, germanium, vanadium, gallium, indium and niobium ""columbium"", and articles of these metals, n.e.s.; waste and scrap of these metals (excl. ash and residues containing these metals)",39954,7780,2235,754,178,127,3.360104955974,0.654292850715265,0.187962020738897,0.0634109009562095,0.0149696821886012,0.0106806159435525
156,"Sierra Leone",87.3,29.5,0.7,57,6,1,1,NA,NA,4.000000026,873.3885752,12.79403976,NA,"'7204","'7404","'7602","'7312","'7616","'7610","Ferrous waste and scrap; remelting scrap ingots of iron or steel (excl. slag, scale and other waste from the production of iron or steel; radioactive waste and scrap; fragments of pigs, blocks or other primary forms of pig iron or spiegeleisen)","Waste and scrap, of copper (excluding ingots or other similar unwrought shapes, of remelted copper waste and scrap, ashes and residues containing copper, and waste and scrap of primary cells, primary batteries and electric accumulators)","Waste and scrap, of aluminium (excluding slags, scale and the like from iron and steel production, containing recoverable aluminium in the form of silicates, ingots or other similar unwrought shapes, of remelted waste and scrap, of aluminium, ashes and residues from aluminium production)","Stranded wire, ropes, cables, plaited bands, slings and the like, of iron or steel (excl. electrically insulated products and twisted fencing wire and barbed wire)","Other Aluminium","Other Aluminium",9286,6376,5723,1685,999,957,0.304431667450203,0.209030401858981,0.187622488996071,0.0552409390107249,0.0327511561256464,0.0313742306428865
157,"Singapore",NA,NA,NA,NA,NA,0,0,NA,NA,4.388023625,90674.06663,NA,NA,NA,NA,NA,NA,NA,NA,NA,NA,NA,NA,NA,NA,NA,NA,NA,NA,NA,NA,NA,NA,NA,NA,NA,NA
158,"Slovakia",9.7,4.7,2.7,2.2,2,0,0,NA,NA,2.061677718,26147.90284,NA,NA,NA,NA,NA,NA,NA,NA,NA,NA,NA,NA,NA,NA,NA,NA,NA,NA,NA,NA,NA,NA,NA,NA,NA,NA
159,"Slovenia",14.4,6.1,4.2,4.1,3,0,0,NA,NA,1.591014799,34089.35277,NA,NA,NA,NA,NA,NA,NA,NA,NA,NA,NA,NA,NA,NA,NA,NA,NA,NA,NA,NA,NA,NA,NA,NA,NA,NA
160,"Solomon Islands",97,89.4,0.2,7.4,4,0,1,NA,NA,2.539341917,2149.379573,NA,NA,NA,NA,NA,NA,NA,NA,NA,NA,NA,NA,NA,NA,NA,NA,NA,NA,NA,NA,NA,NA,NA,NA,NA,NA
161,"Somalia",96.1,66.7,0,29.4,5,1,1,NA,NA,3.972320809,636.9834776,10.13299128,NA,"'7204","'7404","'7602","'7406","'7601","'7802","Ferrous waste and scrap; remelting scrap ingots of iron or steel (excl. slag, scale and other waste from the production of iron or steel; radioactive waste and scrap; fragments of pigs, blocks or other primary forms of pig iron or spiegeleisen)","Waste and scrap, of copper (excluding ingots or other similar unwrought shapes, of remelted copper waste and scrap, ashes and residues containing copper, and waste and scrap of primary cells, primary batteries and electric accumulators)","Waste and scrap, of aluminium (excluding slags, scale and the like from iron and steel production, containing recoverable aluminium in the form of silicates, ingots or other similar unwrought shapes, of remelted waste and scrap, of aluminium, ashes and residues from aluminium production)","Powders and flakes, of copper (excl. grains of copper and spangles of heading 8308)","Unwrought aluminium","Lead waste and scrap (excluding ashes and residues from lead production ""heading No 2620"", and ingots or other similar unwrought shapes, of remelted waste and scrap, of lead ""heading No 7801"" and waste and scrap of primary cells, primary batteries et electric accumulators)",11016,4492,1858,471,46,30,1.181194812436,0.4816564177072,0.199224760485302,0.0505031551068769,0.00493236759005592,0.0032167614717756
162,"South Africa",63.7,11.9,8.8,42.9,6,1,0,8.218905449,4075618,0.579853692,6253.371582,41.25694983,20953,"'7202","'7601","'7502","'7403","'7402","'7308","Ferro-alloys","Unwrought aluminium","Unwrought nickel","Copper, refined, and copper alloys, unwrought (excl. copper alloys of heading 7405)","Copper, unrefined; copper anodes for electrolytic refining","Structures and parts of structures ""e.g., bridges and bridge-sections, lock-gates, towers, lattice masts, roofs, roofing frameworks, doors and windows and their frames and thresholds for doors, shutters, balustrades, pillars and columns"", of iron or steel; plates, rods, angles, shapes, sections, tubes and the like, prepared for use in structures, of iron or steel (excl. prefabricated buildings of heading 9406)",4186926,1528671,554189,495735,384721,318637,1.89641488319479,0.692392088111484,0.251012859482789,0.224536863589318,0.174254484143637,0.144322576787012
163,"South Sudan",99.9,2.9,93.8,3.1,2,1,1,NA,NA,NA,NA,NA,NA,"'7204","'7404","'7304","'7415","'7311","'7219","Ferrous waste and scrap; remelting scrap ingots of iron or steel (excl. slag, scale and other waste from the production of iron or steel; radioactive waste and scrap; fragments of pigs, blocks or other primary forms of pig iron or spiegeleisen)","Waste and scrap, of copper (excluding ingots or other similar unwrought shapes, of remelted copper waste and scrap, ashes and residues containing copper, and waste and scrap of primary cells, primary batteries and electric accumulators)","Tubes, pipes and hollow profiles, seamless, of iron or steel (excl. products of cast iron)","Other Copper","Containers of iron or steel, for compressed or liquefied gas (excluding containers specifically constructed or equipped for one or more types of transport)","Other Iron",21913,2706,253,100,82,65,2.20867565134916,0.272745690345952,0.025500613325028,0.0100792938043589,0.00826502091957429,0.00655154097283328
164,"Spain",29.6,19.6,5.7,4.2,3,0,0,NA,NA,3.150195645,35297.0095,NA,NA,NA,NA,NA,NA,NA,NA,NA,NA,NA,NA,NA,NA,NA,NA,NA,NA,NA,NA,NA,NA,NA,NA,NA,NA
165,"Sri Lanka",33.3,28,2.5,2.9,2,1,0,NA,6850000,5.00871931,4515.567873,71.99260717,NA,"'7317","'7612","'7610","'7403","'7318","'7801","Nails, tacks, drawing pins, corrugated nails, staples and similar articles of iron or steel, whether or not with heads of other material (excluding such articles with heads of copper and staples in strips)","Other Aluminium","Other Aluminium","Copper, refined, and copper alloys, unwrought (excl. copper alloys of heading 7405)","Screws, bolts, nuts, coach screws, screw hooks, rivets, cotters, cotter pins, washers, incl. spring washers, and similar articles, of iron or steel (excl. lag screws, stoppers, plugs and the like, threaded)","Unwrought lead :",41110,29553,18724,12492,11830,11683,0.170950918747872,0.122892544435803,0.0778614692929984,0.0519464577231433,0.0491936115005432,0.0485823299375187
166,"Sudan",97.5,62.2,6.5,28.8,5,1,1,NA,396267,-13.49329206,989.3128662,9.523067059,2747,"'7404","'7801","'7602","'7204","'7802","'7601","Waste and scrap, of copper (excluding ingots or other similar unwrought shapes, of remelted copper waste and scrap, ashes and residues containing copper, and waste and scrap of primary cells, primary batteries and electric accumulators)","Unwrought lead :","Waste and scrap, of aluminium (excluding slags, scale and the like from iron and steel production, containing recoverable aluminium in the form of silicates, ingots or other similar unwrought shapes, of remelted waste and scrap, of aluminium, ashes and residues from aluminium production)","Ferrous waste and scrap; remelting scrap ingots of iron or steel (excl. slag, scale and other waste from the production of iron or steel; radioactive waste and scrap; fragments of pigs, blocks or other primary forms of pig iron or spiegeleisen)","Lead waste and scrap (excluding ashes and residues from lead production ""heading No 2620"", and ingots or other similar unwrought shapes, of remelted waste and scrap, of lead ""heading No 7801"" and waste and scrap of primary cells, primary batteries et electric accumulators)","Unwrought aluminium",5872,5665,976,671,93,76,0.0963844347016793,0.0929866864075295,0.0160203011357015,0.0110139570307948,0.00152652459592237,0.00124748246548495
167,"Suriname",97.3,12.2,2.3,82.8,6,0,0,NA,NA,2.839586028,7430.702192,NA,NA,NA,NA,NA,NA,NA,NA,NA,NA,NA,NA,NA,NA,NA,NA,NA,NA,NA,NA,NA,NA,NA,NA,NA,NA
168,"Sweden",23.3,11.1,6.3,5.9,3,0,0,NA,NA,0.973832213,57723.2345,NA,NA,NA,NA,NA,NA,NA,NA,NA,NA,NA,NA,NA,NA,NA,NA,NA,NA,NA,NA,NA,NA,NA,NA,NA,NA
169,"Switzerland",28.6,3.1,0.8,24.7,5,0,0,NA,NA,1.302333325,103669.872,NA,NA,NA,NA,NA,NA,NA,NA,NA,NA,NA,NA,NA,NA,NA,NA,NA,NA,NA,NA,NA,NA,NA,NA,NA,NA
170,"Syria",68,62.6,3.9,1.5,1,1,0,NA,243348,-1.207264203,847.3727234,8.687274683,NA,"'7204","'7601","'7403","'7602","'7801","'7418","Ferrous waste and scrap; remelting scrap ingots of iron or steel (excl. slag, scale and other waste from the production of iron or steel; radioactive waste and scrap; fragments of pigs, blocks or other primary forms of pig iron or spiegeleisen)","Unwrought aluminium","Copper, refined, and copper alloys, unwrought (excl. copper alloys of heading 7405)","Waste and scrap, of aluminium (excluding slags, scale and the like from iron and steel production, containing recoverable aluminium in the form of silicates, ingots or other similar unwrought shapes, of remelted waste and scrap, of aluminium, ashes and residues from aluminium production)","Unwrought lead :","Other Copper",15307,3848,3537,2361,2048,601,0.829032998838801,0.20840915787102,0.191565278427702,0.127872666770655,0.110920466559213,0.0325503908213314
171,"Tajikistan",80.8,20,4.3,56.6,6,1,1,NA,NA,8.39999981,1341.20229,NA,662,"'8110","'7601","'7403","'7604","'7404","'7204","Antimony and articles thereof","Unwrought aluminium","Copper, refined, and copper alloys, unwrought (excl. copper alloys of heading 7405)","Bars, rods and profiles, of aluminium, n.e.s.","Waste and scrap, of copper (excluding ingots or other similar unwrought shapes, of remelted copper waste and scrap, ashes and residues containing copper, and waste and scrap of primary cells, primary batteries and electric accumulators)","Ferrous waste and scrap; remelting scrap ingots of iron or steel (excl. slag, scale and other waste from the production of iron or steel; radioactive waste and scrap; fragments of pigs, blocks or other primary forms of pig iron or spiegeleisen)",288085,231609,45777,19678,11463,10505,8.07546425124551,6.49235538041454,1.28319949677792,0.551604510946454,0.321325465442586,0.294471256605981
172,"Tanzania",88.2,37.5,1.5,49.1,6,1,1,NA,709881,5.526313831,1185.745483,15.65593193,NA,"'7210","'7801","'7306","'7214","'7601","'7208","Other Iron","Unwrought lead :","Tubes, pipes and hollow profiles ""e.g., open seam or welded, riveted or similarly closed"", of iron or steel (excl. of cast iron, seamless tubes and pipes and tubes having internal and external circular cross-sections and an external diameter of > 406,4 mm)","Other Iron","Unwrought aluminium","Other Iron",27061,25878,15740,11083,10904,7141,0.155486726141685,0.148689460814254,0.0904386781519574,0.063680550823262,0.0626520550552061,0.0410306607803766
173,"Thailand",28.3,18.4,3.3,6.6,3,0,0,NA,NA,2.525961758,7345.13569,NA,NA,NA,NA,NA,NA,NA,NA,NA,NA,NA,NA,NA,NA,NA,NA,NA,NA,NA,NA,NA,NA,NA,NA,NA,NA
174,"Timor-Leste",56.6,22.7,29,5,3,0,1,NA,NA,-2.189121556,1343.14886,NA,NA,NA,NA,NA,NA,NA,NA,NA,NA,NA,NA,NA,NA,NA,NA,NA,NA,NA,NA,NA,NA,NA,NA,NA,NA
175,"Togo",64.7,23.4,29.3,12,4,1,1,NA,1725270,5.300005314,1043.140929,36.57226174,NA,"'7801","'7601","'7602","'7315","'7404","'7402","Unwrought lead :","Unwrought aluminium","Waste and scrap, of aluminium (excluding slags, scale and the like from iron and steel production, containing recoverable aluminium in the form of silicates, ingots or other similar unwrought shapes, of remelted waste and scrap, of aluminium, ashes and residues from aluminium production)","Chain and parts thereof, or iron or steel (excl. watch chains, necklace chains and the like, cutting and saw chain, skid chain, scraper chain for conveyors, toothed chain for textile machinery and the like, safety devices with chains for securing doors, measuring chains)","Waste and scrap, of copper (excluding ingots or other similar unwrought shapes, of remelted copper waste and scrap, ashes and residues containing copper, and waste and scrap of primary cells, primary batteries and electric accumulators)","Copper, unrefined; copper anodes for electrolytic refining",9287,9107,3990,2767,2124,1944,0.33990064667864,0.333312715548872,0.146032473376523,0.101271141311489,0.077737587331262,0.0711496562014941
176,"Tonga",84.3,81.5,0,2.8,2,0,1,NA,NA,2.084155836,4863.763846,NA,NA,NA,NA,NA,NA,NA,NA,NA,NA,NA,NA,NA,NA,NA,NA,NA,NA,NA,NA,NA,NA,NA,NA,NA,NA
177,"Trinidad and Tobago",48.3,5.1,42.1,1.1,1,0,0,NA,NA,1.650603346,19314.71634,NA,NA,NA,NA,NA,NA,NA,NA,NA,NA,NA,NA,NA,NA,NA,NA,NA,NA,NA,NA,NA,NA,NA,NA,NA,NA
178,"Tunisia",19.1,11.8,5.4,1.8,2,1,0,6.7239604,483178,1.350652535,4350.371797,6.145712418,1777,"'7404","'7326","'7210","'7308","'7616","'7320","Waste and scrap, of copper (excluding ingots or other similar unwrought shapes, of remelted copper waste and scrap, ashes and residues containing copper, and waste and scrap of primary cells, primary batteries and electric accumulators)","Articles of iron or steel, n.e.s. (excl. cast articles)","Other Iron","Structures and parts of structures ""e.g., bridges and bridge-sections, lock-gates, towers, lattice masts, roofs, roofing frameworks, doors and windows and their frames and thresholds for doors, shutters, balustrades, pillars and columns"", of iron or steel; plates, rods, angles, shapes, sections, tubes and the like, prepared for use in structures, of iron or steel (excl. prefabricated buildings of heading 9406)","Other Aluminium","Springs and leaves for springs, of iron or steel (excl. clock and watch springs, springs for sticks and handles of umbrellas or parasols, shock absorbers and torque rod or torsion bar springs of Section 17)",121287,97710,79101,61188,45330,42937,0.293893059389505,0.236763138942743,0.191671282913826,0.148265919001418,0.109840068450256,0.104041540239326
179,"Turkey",21.4,11.9,3.7,5.8,3,0,0,NA,NA,3.184024355,15473.28726,NA,NA,NA,NA,NA,NA,NA,NA,NA,NA,NA,NA,NA,NA,NA,NA,NA,NA,NA,NA,NA,NA,NA,NA,NA,NA
180,"Turkmenistan",92.5,2.1,89.6,0.8,1,1,0,NA,NA,2.264117227,8571.607029,NA,NA,"'7403","'7616","'7404","'7306","'7303","'7304","Copper, refined, and copper alloys, unwrought (excl. copper alloys of heading 7405)","Other Aluminium","Waste and scrap, of copper (excluding ingots or other similar unwrought shapes, of remelted copper waste and scrap, ashes and residues containing copper, and waste and scrap of primary cells, primary batteries and electric accumulators)","Tubes, pipes and hollow profiles ""e.g., open seam or welded, riveted or similarly closed"", of iron or steel (excl. of cast iron, seamless tubes and pipes and tubes having internal and external circular cross-sections and an external diameter of > 406,4 mm)","Tubes, pipes and hollow profiles, of cast iron","Tubes, pipes and hollow profiles, seamless, of iron or steel (excl. products of cast iron)",6069,2591,443,213,196,144,0.02194469560657,0.00936871087767718,0.00160182899220802,0.000770179628307695,0.000708709892715063,0.000520684819137597
181,"Tuvalu",NA,NA,NA,NA,NA,0,1,NA,NA,3.852809195,6344.775019,NA,NA,NA,NA,NA,NA,NA,NA,NA,NA,NA,NA,NA,NA,NA,NA,NA,NA,NA,NA,NA,NA,NA,NA,NA,NA
182,"Uganda",86.6,45.1,5,36.5,5,1,1,NA,NA,6.136452018,1072.713698,NA,NA,"'7214","'7210","'7203","'7306","'7317","'7216","Other Iron","Other Iron","Ferrous products obtained by direct reduction of iron ore and other spongy ferrous products, in lumps, pellets or similar forms; iron having a minimum purity by weight of 99,94%, in lumps, pellets or similar forms","Tubes, pipes and hollow profiles ""e.g., open seam or welded, riveted or similarly closed"", of iron or steel (excl. of cast iron, seamless tubes and pipes and tubes having internal and external circular cross-sections and an external diameter of > 406,4 mm)","Nails, tacks, drawing pins, corrugated nails, staples and similar articles of iron or steel, whether or not with heads of other material (excluding such articles with heads of copper and staples in strips)","Other Iron",55849,53511,46565,31380,10033,6647,0.347348122190612,0.332807129340576,0.289607071027339,0.195165250485083,0.0623993931840931,0.0413404531540583
183,"Ukraine",57.6,44.6,1.3,11.7,4,0,0,NA,NA,2.913822215,5389.473145,NA,NA,NA,NA,NA,NA,NA,NA,NA,NA,NA,NA,NA,NA,NA,NA,NA,NA,NA,NA,NA,NA,NA,NA,NA,NA
184,"United Arab Emirates",64,5.3,35.3,23.4,5,1,0,NA,18721000,3.761615446,49377.56434,76.49649888,261,"'7601","'7408","'7308","'7204","'7404","'7602","Unwrought aluminium","Other Copper","Structures and parts of structures ""e.g., bridges and bridge-sections, lock-gates, towers, lattice masts, roofs, roofing frameworks, doors and windows and their frames and thresholds for doors, shutters, balustrades, pillars and columns"", of iron or steel; plates, rods, angles, shapes, sections, tubes and the like, prepared for use in structures, of iron or steel (excl. prefabricated buildings of heading 9406)","Ferrous waste and scrap; remelting scrap ingots of iron or steel (excl. slag, scale and other waste from the production of iron or steel; radioactive waste and scrap; fragments of pigs, blocks or other primary forms of pig iron or spiegeleisen)","Waste and scrap, of copper (excluding ingots or other similar unwrought shapes, of remelted copper waste and scrap, ashes and residues containing copper, and waste and scrap of primary cells, primary batteries and electric accumulators)","Waste and scrap, of aluminium (excluding slags, scale and the like from iron and steel production, containing recoverable aluminium in the form of silicates, ingots or other similar unwrought shapes, of remelted waste and scrap, of aluminium, ashes and residues from aluminium production)",7041649,2067773,1385771,724480,683588,558815,1.13683244975238,0.333829681814846,0.223724505542069,0.116962997331535,0.110361226562319,0.0902173660471255
185,"United Kingdom",28.6,7.4,8.1,13,5,0,0,NA,NA,1.100667866,52636.78659,NA,NA,NA,NA,NA,NA,NA,NA,NA,NA,NA,NA,NA,NA,NA,NA,NA,NA,NA,NA,NA,NA,NA,NA,NA,NA
186,"United States",31.9,12.2,13.5,6.3,3,0,0,NA,NA,2.796190356,85809.90038,NA,NA,NA,NA,NA,NA,NA,NA,NA,NA,NA,NA,NA,NA,NA,NA,NA,NA,NA,NA,NA,NA,NA,NA,NA,NA
187,"Uruguay",81.9,79.3,1.9,0.7,1,0,0,NA,NA,3.108254781,23906.5133,NA,NA,NA,NA,NA,NA,NA,NA,NA,NA,NA,NA,NA,NA,NA,NA,NA,NA,NA,NA,NA,NA,NA,NA,NA,NA
188,"Uzbekistan",74,14.5,19,40.4,6,1,1,NA,NA,6.5,3161.700106,NA,4732,"'7403","'7408","'7411","'7210","'7901","'8102","Copper, refined, and copper alloys, unwrought (excl. copper alloys of heading 7405)","Other Copper","Other Copper","Other Iron","Unwrought zinc :","Molybdenum and articles thereof",753554,508732,377917,198465,162300,58838,1.18273438891497,0.798476062951679,0.593156471939075,0.311499083670194,0.254736609879185,0.0923486916332192
189,"Vanuatu",87.1,86.4,0.5,0.3,1,0,1,NA,NA,3.967258306,3542.810716,NA,NA,NA,NA,NA,NA,NA,NA,NA,NA,NA,NA,NA,NA,NA,NA,NA,NA,NA,NA,NA,NA,NA,NA,NA,NA
190,"Vatican City (Holy See)",NA,NA,NA,NA,NA,0,0,NA,NA,NA,NA,NA,NA,NA,NA,NA,NA,NA,NA,NA,NA,NA,NA,NA,NA,NA,NA,NA,NA,NA,NA,NA,NA,NA,NA,NA,NA
191,"Venezuela",73.5,3.8,68.1,1.7,2,0,0,NA,NA,NA,NA,NA,NA,NA,NA,NA,NA,NA,NA,NA,NA,NA,NA,NA,NA,NA,NA,NA,NA,NA,NA,NA,NA,NA,NA,NA,NA
192,"Vietnam",14,11.4,1.3,1.3,1,0,0,NA,NA,7.091187466,4717.290287,NA,NA,NA,NA,NA,NA,NA,NA,NA,NA,NA,NA,NA,NA,NA,NA,NA,NA,NA,NA,NA,NA,NA,NA,NA,NA
193,"Yemen",93.9,21.9,59.2,12.8,5,1,1,NA,423393,NA,433.1740151,7.753847218,NA,"'7204","'7404","'7602","'7801","'7403","'7406","Ferrous waste and scrap; remelting scrap ingots of iron or steel (excl. slag, scale and other waste from the production of iron or steel; radioactive waste and scrap; fragments of pigs, blocks or other primary forms of pig iron or spiegeleisen)","Waste and scrap, of copper (excluding ingots or other similar unwrought shapes, of remelted copper waste and scrap, ashes and residues containing copper, and waste and scrap of primary cells, primary batteries and electric accumulators)","Waste and scrap, of aluminium (excluding slags, scale and the like from iron and steel production, containing recoverable aluminium in the form of silicates, ingots or other similar unwrought shapes, of remelted waste and scrap, of aluminium, ashes and residues from aluminium production)","Unwrought lead :","Copper, refined, and copper alloys, unwrought (excl. copper alloys of heading 7405)","Powders and flakes, of copper (excl. grains of copper and spangles of heading 8308)",96299,44251,32584,2893,1961,1321,7.59509744382488,3.49007421662421,2.56989849437263,0.228170769218635,0.154663974572328,0.104187205716494
194,"Zambia",88.7,9,1,78.7,6,1,1,NA,NA,4.043148299,1235.084665,NA,NA,"'7402","'7403","'7202","'7408","'7214","'7801","Copper, unrefined; copper anodes for electrolytic refining","Copper, refined, and copper alloys, unwrought (excl. copper alloys of heading 7405)","Ferro-alloys","Other Copper","Other Iron","Unwrought lead :",5844526,1665054,112034,79815,57428,16639,25.916182529817,7.3832922269491,0.496788549412821,0.353920935353414,0.254651023936301,0.0737817508406371
195,"Zimbabwe",88.2,31.4,0.9,55.9,6,1,1,NA,NA,2.029484143,2656.409377,NA,3120,"'7501","'7202","'7206","'7323","'7204","'7308","Nickel mattes, nickel oxide sinters and other intermediate products of nickel metallurgy :","Ferro-alloys","Iron and non-alloy steel in ingots or other primary forms (excl. remelting scrap ingots, products obtained by continuous casting and iron of heading 7203)","Table, kitchen or other household articles, and parts thereof, of iron or steel; iron or steel wool; pot scourers and scouring or polishing pads, gloves and the like, of iron or steel (excl. cans, boxes and similar containers of heading 7310; waste baskets; shovels, corkscrews and other articles of the nature of a work implement; articles of cutlery, spoons, ladles, forks etc. of heading 8211 to 8215; ornamental articles; sanitary ware)","Ferrous waste and scrap; remelting scrap ingots of iron or steel (excl. slag, scale and other waste from the production of iron or steel; radioactive waste and scrap; fragments of pigs, blocks or other primary forms of pig iron or spiegeleisen)","Structures and parts of structures ""e.g., bridges and bridge-sections, lock-gates, towers, lattice masts, roofs, roofing frameworks, doors and windows and their frames and thresholds for doors, shutters, balustrades, pillars and columns"", of iron or steel; plates, rods, angles, shapes, sections, tubes and the like, prepared for use in structures, of iron or steel (excl. prefabricated buildings of heading 9406)",988660,334494,8580,4957,3070,1644,6.6494622440943,2.24971701482419,0.0577067809503056,0.0333394537494947,0.0206479973796548,0.0110571034827858
